event_id,rainfall_mm,shape,dt_s,horizon_h,curve_number,lag_min,discharge_coefficient,rainfall_total_mm,parking_runoff_m3,direct_rain_m3,total_inflow_m3,runoff_generation_error_m3,transform_error_m3,inflow_tail_end_h,baseline_peak_m3_s,baseline_time_to_peak_min,design_id,storage_depth_m,capacity_m3,outlet_side_mm,peak_downstream_m3_s,peak_reduction_pct,time_to_peak_min,maximum_storage_m3,maximum_depth_m,overflow_m3,overflow_onset_min,controlled_discharge_m3,total_discharge_m3,residual_storage_m3,drawdown_h_after_rain,routing_balance_error_m3,routing_balance_relative_error,peak_pass,overflow_pass,drawdown_pass,simulation_runtime_s,all_pass
25mm_uniform,25.0,uniform,3.75,60.0,98.0,10.0,0.62,25.0,78.80595469107676,5.0,83.80595469107676,-1.4210854715202004e-14,1.4210854715202004e-14,1.8354166666666667,0.027764130174945407,59.96875,h0.150_o40,0.15,30.0,40.0,0.027764130174945004,1.454392162258955e-12,59.96875,30.0,0.15,47.68996505431443,40.25,35.99007906771594,83.68004412203037,0.1259105690538943,37.701230460835276,-7.497447107596145e-12,8.946198555022767e-14,False,False,False,0.531044666073285,False
25mm_uniform,25.0,uniform,3.75,30.0,98.0,10.0,0.62,25.0,78.80595469107676,5.0,83.80595469107676,-1.4210854715202004e-14,1.4210854715202004e-14,1.8354166666666667,0.027764130174945407,59.96875,h0.150_o60,0.15,30.0,60.0,0.027764130174945004,1.454392162258955e-12,59.96875,30.0,0.15,41.8375365066487,41.1875,41.751482674936746,83.58901918158546,0.2169355094479949,24.403353184097234,4.3326564558299197e-11,5.16986707185765e-13,False,False,False,0.17723633302375674,False
25mm_uniform,25.0,uniform,3.75,30.0,98.0,10.0,0.62,25.0,78.80595469107676,5.0,83.80595469107676,-1.4210854715202004e-14,1.4210854715202004e-14,1.8354166666666667,0.027764130174945407,59.96875,h0.150_o80,0.15,30.0,80.0,0.027764130174945004,1.454392162258955e-12,59.96875,30.0,0.15,35.103998567976845,42.375,48.57774826849879,83.68174683647564,0.12420785400698395,18.14369997591646,5.941403202758266e-10,7.089476188964502e-12,False,False,True,0.17203366593457758,False
25mm_uniform,25.0,uniform,3.75,30.0,98.0,10.0,0.62,25.0,78.80595469107676,5.0,83.80595469107676,-1.4210854715202004e-14,1.4210854715202004e-14,1.8354166666666667,0.027764130174945407,59.96875,h0.150_o100,0.15,30.0,100.0,0.027764130174945008,1.432187701766452e-12,59.96875,30.0,0.15,28.049091092757045,43.8125,55.67598439903689,83.72507549179394,0.08087919656885109,14.48729181131334,2.7139679670273864e-09,3.238395143914942e-11,False,False,True,0.1809699999867007,False
25mm_uniform,25.0,uniform,3.75,60.0,98.0,10.0,0.62,25.0,78.80595469107676,5.0,83.80595469107676,-1.4210854715202004e-14,1.4210854715202004e-14,1.8354166666666667,0.027764130174945407,59.96875,h0.300_o40,0.3,60.0,40.0,0.026397411456775897,4.922605929152601,60.78125,60.0,0.3,16.184151688877602,60.3125,67.47624722277183,83.66039891164942,0.14555577945507575,30.454149483779513,-2.7735425067731967e-11,3.309481428851868e-13,False,False,False,0.5292225420707837,False
25mm_uniform,25.0,uniform,3.75,30.0,98.0,10.0,0.62,25.0,78.80595469107676,5.0,83.80595469107676,-1.4210854715202004e-14,1.4210854715202004e-14,1.8354166666666667,0.027764130174945407,59.96875,h0.300_o60,0.3,60.0,60.0,0.025873346344216466,6.810167719337379,63.46875,60.0,0.3,9.021211307611582,63.375,74.53810992209759,83.55932122970917,0.24663346150715446,18.661008832825885,-1.3956044653262722e-10,1.6652807911689707e-12,False,False,True,0.1772932920139283,False
25mm_uniform,25.0,uniform,3.75,30.0,98.0,10.0,0.62,25.0,78.80595469107676,5.0,83.80595469107676,-1.4210854715202004e-14,1.4210854715202004e-14,1.8354166666666667,0.027764130174945407,59.96875,h0.300_o80,0.3,60.0,80.0,0.01699994455825807,38.77011650954234,69.84375,60.0,0.3,1.0561951603840174,69.75,82.61619619300002,83.67239135338403,0.1335633378612217,13.490943733384045,-1.6850115747146788e-10,2.0106107983924566e-12,False,False,True,0.178378792013973,False
25mm_uniform,25.0,uniform,3.75,30.0,98.0,10.0,0.62,25.0,78.80595469107676,5.0,83.80595469107676,-1.4210854715202004e-14,1.4210854715202004e-14,1.8354166666666667,0.027764130174945407,59.96875,h0.300_o100,0.3,60.0,100.0,0.012764049350005312,54.02683509413991,71.96875,53.41250817623363,0.26706254088116815,0.0,,83.7219449892876,83.7219449892876,0.08400970052091905,10.464157404654136,1.2682375150063763e-09,1.5133023896467966e-11,True,True,True,0.18214187491685152,True
25mm_uniform,25.0,uniform,3.75,30.0,98.0,10.0,0.62,25.0,78.80595469107676,5.0,83.80595469107676,-1.4210854715202004e-14,1.4210854715202004e-14,1.8354166666666667,0.027764130174945407,59.96875,h0.450_o40,0.45,90.0,40.0,0.0026337112863988525,90.51397875675019,81.71875,75.89594674120262,0.3794797337060131,0.0,,83.03757465648823,83.03757465648823,0.768380034623432,27.138966441374457,-3.4900304868301646e-11,4.1644182680037717e-13,True,True,False,0.17935320793185383,False
25mm_uniform,25.0,uniform,3.75,30.0,98.0,10.0,0.62,25.0,78.80595469107676,5.0,83.80595469107676,-1.4210854715202004e-14,1.4210854715202004e-14,1.8354166666666667,0.027764130174945407,59.96875,h0.450_o60,0.45,90.0,60.0,0.005536352565280494,80.0593336423824,77.09375,68.78697344998844,0.3439348672499422,0.0,,83.55143321187158,83.55143321187158,0.2545214793973958,15.72130786092319,-1.9221491065479768e-10,2.293571039949787e-12,True,True,True,0.18093366699758917,True
25mm_uniform,25.0,uniform,3.75,30.0,98.0,10.0,0.62,25.0,78.80595469107676,5.0,83.80595469107676,-1.4210854715202004e-14,1.4210854715202004e-14,1.8354166666666667,0.027764130174945407,59.96875,h0.450_o80,0.45,90.0,80.0,0.009041050147953922,67.43622043627843,74.21875,61.03969686241695,0.30519848431208474,0.0,,83.67210795286056,83.67210795286056,0.13384673845717496,10.979729956982936,-2.4096843964649395e-10,2.875314057750971e-12,True,True,True,0.1813004589639604,True
25mm_uniform,25.0,uniform,3.75,30.0,98.0,10.0,0.62,25.0,78.80595469107676,5.0,83.80595469107676,-1.4210854715202004e-14,1.4210854715202004e-14,1.8354166666666667,0.027764130174945407,59.96875,h0.450_o100,0.45,90.0,100.0,0.012764049350005312,54.02683509413991,71.96875,53.41250817623363,0.26706254088116815,0.0,,83.7219449892876,83.7219449892876,0.08400970052091905,8.430241917421776,1.2682375150063763e-09,1.5133023896467966e-11,True,True,True,0.18105850007850677,True
25mm_uniform,25.0,uniform,3.75,30.0,98.0,10.0,0.62,25.0,78.80595469107676,5.0,83.80595469107676,-1.4210854715202004e-14,1.4210854715202004e-14,1.8354166666666667,0.027764130174945407,59.96875,h0.600_o40,0.6,120.0,40.0,0.0026337112863988525,90.51397875675019,81.71875,75.89594674120262,0.3794797337060131,0.0,,83.03757465648823,83.03757465648823,0.768380034623432,24.10807669812533,-3.4900304868301646e-11,4.1644182680037717e-13,True,True,False,0.18014029203914106,False
25mm_uniform,25.0,uniform,3.75,30.0,98.0,10.0,0.62,25.0,78.80595469107676,5.0,83.80595469107676,-1.4210854715202004e-14,1.4210854715202004e-14,1.8354166666666667,0.027764130174945407,59.96875,h0.600_o60,0.6,120.0,60.0,0.005536352565280494,80.0593336423824,77.09375,68.78697344998844,0.3439348672499422,0.0,,83.55143321187158,83.55143321187158,0.2545214793973958,13.700639791795687,-1.9221491065479768e-10,2.293571039949787e-12,True,True,True,0.17869279196020216,True
25mm_uniform,25.0,uniform,3.75,30.0,98.0,10.0,0.62,25.0,78.80595469107676,5.0,83.80595469107676,-1.4210854715202004e-14,1.4210854715202004e-14,1.8354166666666667,0.027764130174945407,59.96875,h0.600_o80,0.6,120.0,80.0,0.009041050147953922,67.43622043627843,74.21875,61.03969686241695,0.30519848431208474,0.0,,83.67210795286056,83.67210795286056,0.13384673845717496,9.464172725596596,-2.4096843964649395e-10,2.875314057750971e-12,True,True,True,0.18523345899302512,True
25mm_uniform,25.0,uniform,3.75,30.0,98.0,10.0,0.62,25.0,78.80595469107676,5.0,83.80595469107676,-1.4210854715202004e-14,1.4210854715202004e-14,1.8354166666666667,0.027764130174945407,59.96875,h0.600_o100,0.6,120.0,100.0,0.012764049350005312,54.02683509413991,71.96875,53.41250817623363,0.26706254088116815,0.0,,83.7219449892876,83.7219449892876,0.08400970052091905,7.217751188092329,1.2682375150063763e-09,1.5133023896467966e-11,True,True,True,0.178978499956429,True
25mm_uniform,25.0,uniform,3.75,30.0,98.0,10.0,0.62,25.0,78.80595469107676,5.0,83.80595469107676,-1.4210854715202004e-14,1.4210854715202004e-14,1.8354166666666667,0.027764130174945407,59.96875,h0.750_o40,0.75,150.0,40.0,0.0026337112863988525,90.51397875675019,81.71875,75.89594674120262,0.3794797337060131,0.0,,83.03757465648823,83.03757465648823,0.768380034623432,22.03967545314432,-3.4900304868301646e-11,4.1644182680037717e-13,True,True,True,0.18249050003942102,True
25mm_uniform,25.0,uniform,3.75,30.0,98.0,10.0,0.62,25.0,78.80595469107676,5.0,83.80595469107676,-1.4210854715202004e-14,1.4210854715202004e-14,1.8354166666666667,0.027764130174945407,59.96875,h0.750_o60,0.75,150.0,60.0,0.005536352565280494,80.0593336423824,77.09375,68.78697344998844,0.3439348672499422,0.0,,83.55143321187158,83.55143321187158,0.2545214793973958,12.321647523168481,-1.9221491065479768e-10,2.293571039949787e-12,True,True,True,0.18066399998497218,True
25mm_uniform,25.0,uniform,3.75,30.0,98.0,10.0,0.62,25.0,78.80595469107676,5.0,83.80595469107676,-1.4210854715202004e-14,1.4210854715202004e-14,1.8354166666666667,0.027764130174945407,59.96875,h0.750_o80,0.75,150.0,80.0,0.009041050147953922,67.43622043627843,74.21875,61.03969686241695,0.30519848431208474,0.0,,83.67210795286056,83.67210795286056,0.13384673845717496,8.429884951520222,-2.4096843964649395e-10,2.875314057750971e-12,True,True,True,0.17648041702341288,True
25mm_uniform,25.0,uniform,3.75,30.0,98.0,10.0,0.62,25.0,78.80595469107676,5.0,83.80595469107676,-1.4210854715202004e-14,1.4210854715202004e-14,1.8354166666666667,0.027764130174945407,59.96875,h0.750_o100,0.75,150.0,100.0,0.012764049350005312,54.02683509413991,71.96875,53.41250817623363,0.26706254088116815,0.0,,83.7219449892876,83.7219449892876,0.08400970052091905,6.3902861512290245,1.2682375150063763e-09,1.5133023896467966e-11,True,True,True,0.18060212500859052,True
25mm_uniform,25.0,uniform,3.75,30.0,98.0,10.0,0.62,25.0,78.80595469107676,5.0,83.80595469107676,-1.4210854715202004e-14,1.4210854715202004e-14,1.8354166666666667,0.027764130174945407,59.96875,h0.900_o40,0.9,180.0,40.0,0.0026337112863988525,90.51397875675019,81.71875,75.89594674120262,0.3794797337060131,0.0,,83.03757465648823,83.03757465648823,0.768380034623432,20.512831352928508,-3.4900304868301646e-11,4.1644182680037717e-13,True,True,True,0.18028316705022007,True
25mm_uniform,25.0,uniform,3.75,30.0,98.0,10.0,0.62,25.0,78.80595469107676,5.0,83.80595469107676,-1.4210854715202004e-14,1.4210854715202004e-14,1.8354166666666667,0.027764130174945407,59.96875,h0.900_o60,0.9,180.0,60.0,0.005536352565280494,80.0593336423824,77.09375,68.78697344998844,0.3439348672499422,0.0,,83.55143321187158,83.55143321187158,0.2545214793973958,11.303703985885516,-1.9221491065479768e-10,2.293571039949787e-12,True,True,True,0.17849045793991536,True
25mm_uniform,25.0,uniform,3.75,30.0,98.0,10.0,0.62,25.0,78.80595469107676,5.0,83.80595469107676,-1.4210854715202004e-14,1.4210854715202004e-14,1.8354166666666667,0.027764130174945407,59.96875,h0.900_o80,0.9,180.0,80.0,0.009041050147953922,67.43622043627843,74.21875,61.03969686241695,0.30519848431208474,0.0,,83.67210795286056,83.67210795286056,0.13384673845717496,7.6663916834005725,-2.4096843964649395e-10,2.875314057750971e-12,True,True,True,0.18186533299740404,True
25mm_uniform,25.0,uniform,3.75,30.0,98.0,10.0,0.62,25.0,78.80595469107676,5.0,83.80595469107676,-1.4210854715202004e-14,1.4210854715202004e-14,1.8354166666666667,0.027764130174945407,59.96875,h0.900_o100,0.9,180.0,100.0,0.012764049350005312,54.02683509413991,71.96875,53.41250817623363,0.26706254088116815,0.0,,83.7219449892876,83.7219449892876,0.08400970052091905,5.779463055300334,1.2682375150063763e-09,1.5133023896467966e-11,True,True,True,0.17708200006745756,True
25mm_front_loaded,25.0,front_loaded,3.75,60.0,98.0,10.0,0.62,25.0,78.80595469107676,4.999999999999999,83.80595469107675,0.0,0.0,1.8354166666666667,0.032672576811513095,28.71875,h0.150_o40,0.15,30.0,40.0,0.03262682392286915,0.1400345277566939,29.84375,30.0,0.15,47.63638109237866,29.75,36.04409507139958,83.68047616377825,0.12547852730613573,37.59719778038463,-7.638223387118614e-12,9.114177405739756e-14,False,False,False,0.5191797090228647,False
25mm_front_loaded,25.0,front_loaded,3.75,30.0,98.0,10.0,0.62,25.0,78.80595469107676,4.999999999999999,83.80595469107675,0.0,0.0,1.8354166666666667,0.032672576811513095,28.71875,h0.150_o60,0.15,30.0,60.0,0.032178549436896256,1.512055132556167,30.40625,30.0,0.15,41.64275781177393,30.3125,41.94773783435666,83.5904956461306,0.21545904490804174,24.298280852330596,3.8116232392582106e-11,4.548153234825035e-13,False,False,False,0.1784448749385774,False
25mm_front_loaded,25.0,front_loaded,3.75,30.0,98.0,10.0,0.62,25.0,78.80595469107676,4.999999999999999,83.80595469107675,0.0,0.0,1.8354166666666667,0.032672576811513095,28.71875,h0.150_o80,0.15,30.0,80.0,0.03208895493913341,1.7862743907423484,31.09375,30.0,0.15,34.62466739106768,31.0,49.0579365583,83.68260394936767,0.12335074113992163,18.038098942538202,5.691532661833421e-10,6.791322505439375e-12,False,False,True,0.17500512499827892,False
25mm_front_loaded,25.0,front_loaded,3.75,30.0,98.0,10.0,0.62,25.0,78.80595469107676,4.999999999999999,83.80595469107675,0.0,0.0,1.8354166666666667,0.032672576811513095,28.71875,h0.150_o100,0.15,30.0,100.0,0.03194938800760288,2.2134428150012986,31.90625,30.0,0.15,27.21865459475888,31.8125,56.50700356918065,83.72565816393951,0.08029652454181033,14.37796858076637,2.5954112470305546e-09,3.0969293967209007e-11,False,False,True,0.17175441700965166,False
25mm_front_loaded,25.0,front_loaded,3.75,60.0,98.0,10.0,0.62,25.0,78.80595469107676,4.999999999999999,83.80595469107675,0.0,0.0,1.8354166666666667,0.032672576811513095,28.71875,h0.300_o40,0.3,60.0,40.0,0.022604797509124332,30.814157574621102,48.78125,60.0,0.3,15.892559303606664,48.6875,67.7683805221734,83.66093982578006,0.14501486532419455,30.349336426071332,-2.7507163213869035e-11,3.2822444795558024e-13,False,False,False,0.5614200420677662,False
25mm_front_loaded,25.0,front_loaded,3.75,30.0,98.0,10.0,0.62,25.0,78.80595469107676,4.999999999999999,83.80595469107675,0.0,0.0,1.8354166666666667,0.032672576811513095,28.71875,h0.300_o60,0.3,60.0,60.0,0.019602415237659442,40.00346115721125,52.46875,60.0,0.3,8.238746613647264,52.375,75.32236824484315,83.56111485849041,0.24483983273075755,18.555674421584403,-1.4442097517886054e-10,1.7232782051254143e-12,False,False,True,0.18154608295299113,False
25mm_front_loaded,25.0,front_loaded,3.75,30.0,98.0,10.0,0.62,25.0,78.80595469107676,4.999999999999999,83.80595469107675,0.0,0.0,1.8354166666666667,0.032672576811513095,28.71875,h0.300_o80,0.3,60.0,80.0,0.008922811376463967,72.69021225984305,66.28125,59.66678958950844,0.2983339479475422,0.0,,83.67348079873729,83.67348079873729,0.13247389263667064,13.370456477496097,-2.9720870209359873e-10,3.5463912223082647e-12,True,True,True,0.20521870802622288,True
25mm_front_loaded,25.0,front_loaded,3.75,30.0,98.0,10.0,0.62,25.0,78.80595469107676,4.999999999999999,83.80595469107675,0.0,0.0,1.8354166666666667,0.032672576811513095,28.71875,h0.300_o100,0.3,60.0,100.0,0.012517987282017435,61.68656254377104,61.40625,51.77001095937648,0.2588500547968824,0.0,,83.72282481045883,83.72282481045883,0.08312987961112372,10.307836374480864,1.0067939815172622e-09,1.2013394337293561e-11,True,True,True,0.1795239170314744,True
25mm_front_loaded,25.0,front_loaded,3.75,30.0,98.0,10.0,0.62,25.0,78.80595469107676,4.999999999999999,83.80595469107675,0.0,0.0,1.8354166666666667,0.032672576811513095,28.71875,h0.450_o40,0.45,90.0,40.0,0.0026274236446074658,91.95832131709422,75.34375,75.55324959327633,0.3777662479663817,0.0,,83.0463453081036,83.0463453081036,0.759609383008309,26.998024684037237,-3.515610025317528e-11,4.19494060807096e-13,True,True,False,0.18137162504717708,False
25mm_front_loaded,25.0,front_loaded,3.75,30.0,98.0,10.0,0.62,25.0,78.80595469107676,4.999999999999999,83.80595469107675,0.0,0.0,1.8354166666666667,0.032672576811513095,28.71875,h0.450_o60,0.45,90.0,60.0,0.005499817240142325,83.16687027206157,70.65625,67.96229248336616,0.3398114624168308,0.0,,83.55404011036372,83.55404011036372,0.25191458091189683,15.574945711412493,-1.988625375481945e-10,2.3728926933800376e-12,True,True,True,0.1795219579944387,True
25mm_front_loaded,25.0,front_loaded,3.75,30.0,98.0,10.0,0.62,25.0,78.80595469107676,4.999999999999999,83.80595469107675,0.0,0.0,1.8354166666666667,0.032672576811513095,28.71875,h0.450_o80,0.45,90.0,80.0,0.008922811376463967,72.69021225984305,66.28125,59.66678958950844,0.2983339479475422,0.0,,83.67348079873729,83.67348079873729,0.13247389263667064,10.828141313401947,-2.9720870209359873e-10,3.5463912223082647e-12,True,True,True,0.1827414999715984,True
25mm_front_loaded,25.0,front_loaded,3.75,30.0,98.0,10.0,0.62,25.0,78.80595469107676,4.999999999999999,83.80595469107675,0.0,0.0,1.8354166666666667,0.032672576811513095,28.71875,h0.450_o100,0.45,90.0,100.0,0.012517987282017435,61.68656254377104,61.40625,51.77001095937648,0.2588500547968824,0.0,,83.72282481045883,83.72282481045883,0.08312987961112372,8.273920886730394,1.0067939815172622e-09,1.2013394337293561e-11,True,True,True,0.17521845793817192,True
25mm_front_loaded,25.0,front_loaded,3.75,30.0,98.0,10.0,0.62,25.0,78.80595469107676,4.999999999999999,83.80595469107675,0.0,0.0,1.8354166666666667,0.032672576811513095,28.71875,h0.600_o40,0.6,120.0,40.0,0.0026274236446074658,91.95832131709422,75.34375,75.55324959327633,0.3777662479663817,0.0,,83.0463453081036,83.0463453081036,0.759609383008309,23.96713495660746,-3.515610025317528e-11,4.19494060807096e-13,True,True,True,0.1817679579835385,True
25mm_front_loaded,25.0,front_loaded,3.75,30.0,98.0,10.0,0.62,25.0,78.80595469107676,4.999999999999999,83.80595469107675,0.0,0.0,1.8354166666666667,0.032672576811513095,28.71875,h0.600_o60,0.6,120.0,60.0,0.005499817240142325,83.16687027206157,70.65625,67.96229248336616,0.3398114624168308,0.0,,83.55404011036372,83.55404011036372,0.25191458091189683,13.554277646051482,-1.988625375481945e-10,2.3728926933800376e-12,True,True,True,0.1789184999652207,True
25mm_front_loaded,25.0,front_loaded,3.75,30.0,98.0,10.0,0.62,25.0,78.80595469107676,4.999999999999999,83.80595469107675,0.0,0.0,1.8354166666666667,0.032672576811513095,28.71875,h0.600_o80,0.6,120.0,80.0,0.008922811376463967,72.69021225984305,66.28125,59.66678958950844,0.2983339479475422,0.0,,83.67348079873729,83.67348079873729,0.13247389263667064,9.312584088181591,-2.9720870209359873e-10,3.5463912223082647e-12,True,True,True,0.1773352079326287,True
25mm_front_loaded,25.0,front_loaded,3.75,30.0,98.0,10.0,0.62,25.0,78.80595469107676,4.999999999999999,83.80595469107675,0.0,0.0,1.8354166666666667,0.032672576811513095,28.71875,h0.600_o100,0.6,120.0,100.0,0.012517987282017435,61.68656254377104,61.40625,51.77001095937648,0.2588500547968824,0.0,,83.72282481045883,83.72282481045883,0.08312987961112372,7.061430154054184,1.0067939815172622e-09,1.2013394337293561e-11,True,True,True,0.18950924999080598,True
25mm_front_loaded,25.0,front_loaded,3.75,30.0,98.0,10.0,0.62,25.0,78.80595469107676,4.999999999999999,83.80595469107675,0.0,0.0,1.8354166666666667,0.032672576811513095,28.71875,h0.750_o40,0.75,150.0,40.0,0.0026274236446074658,91.95832131709422,75.34375,75.55324959327633,0.3777662479663817,0.0,,83.0463453081036,83.0463453081036,0.759609383008309,21.89873371471738,-3.515610025317528e-11,4.19494060807096e-13,True,True,True,0.1745186250191182,True
25mm_front_loaded,25.0,front_loaded,3.75,30.0,98.0,10.0,0.62,25.0,78.80595469107676,4.999999999999999,83.80595469107675,0.0,0.0,1.8354166666666667,0.032672576811513095,28.71875,h0.750_o60,0.75,150.0,60.0,0.005499817240142325,83.16687027206157,70.65625,67.96229248336616,0.3398114624168308,0.0,,83.55404011036372,83.55404011036372,0.25191458091189683,12.175285399019858,-1.988625375481945e-10,2.3728926933800376e-12,True,True,True,0.1826710000168532,True
25mm_front_loaded,25.0,front_loaded,3.75,30.0,98.0,10.0,0.62,25.0,78.80595469107676,4.999999999999999,83.80595469107675,0.0,0.0,1.8354166666666667,0.032672576811513095,28.71875,h0.750_o80,0.75,150.0,80.0,0.008922811376463967,72.69021225984305,66.28125,59.66678958950844,0.2983339479475422,0.0,,83.67348079873729,83.67348079873729,0.13247389263667064,8.278296327210668,-2.9720870209359873e-10,3.5463912223082647e-12,True,True,True,0.18081341695506126,True
25mm_front_loaded,25.0,front_loaded,3.75,30.0,98.0,10.0,0.62,25.0,78.80595469107676,4.999999999999999,83.80595469107675,0.0,0.0,1.8354166666666667,0.032672576811513095,28.71875,h0.750_o100,0.75,150.0,100.0,0.012517987282017435,61.68656254377104,61.40625,51.77001095937648,0.2588500547968824,0.0,,83.72282481045883,83.72282481045883,0.08312987961112372,6.233965124364962,1.0067939815172622e-09,1.2013394337293561e-11,True,True,True,0.1769972500624135,True
25mm_front_loaded,25.0,front_loaded,3.75,30.0,98.0,10.0,0.62,25.0,78.80595469107676,4.999999999999999,83.80595469107675,0.0,0.0,1.8354166666666667,0.032672576811513095,28.71875,h0.900_o40,0.9,180.0,40.0,0.0026274236446074658,91.95832131709422,75.34375,75.55324959327633,0.3777662479663817,0.0,,83.0463453081036,83.0463453081036,0.759609383008309,20.371889585615428,-3.515610025317528e-11,4.19494060807096e-13,True,True,True,0.17802937503438443,True
25mm_front_loaded,25.0,front_loaded,3.75,30.0,98.0,10.0,0.62,25.0,78.80595469107676,4.999999999999999,83.80595469107675,0.0,0.0,1.8354166666666667,0.032672576811513095,28.71875,h0.900_o60,0.9,180.0,60.0,0.005499817240142325,83.16687027206157,70.65625,67.96229248336616,0.3398114624168308,0.0,,83.55404011036372,83.55404011036372,0.25191458091189683,11.15734182712637,-1.988625375481945e-10,2.3728926933800376e-12,True,True,True,0.19099287502467632,True
25mm_front_loaded,25.0,front_loaded,3.75,30.0,98.0,10.0,0.62,25.0,78.80595469107676,4.999999999999999,83.80595469107675,0.0,0.0,1.8354166666666667,0.032672576811513095,28.71875,h0.900_o80,0.9,180.0,80.0,0.008922811376463967,72.69021225984305,66.28125,59.66678958950844,0.2983339479475422,0.0,,83.67348079873729,83.67348079873729,0.13247389263667064,7.514803067659196,-2.9720870209359873e-10,3.5463912223082647e-12,True,True,True,0.18101545795798302,True
25mm_front_loaded,25.0,front_loaded,3.75,30.0,98.0,10.0,0.62,25.0,78.80595469107676,4.999999999999999,83.80595469107675,0.0,0.0,1.8354166666666667,0.032672576811513095,28.71875,h0.900_o100,0.9,180.0,100.0,0.012517987282017435,61.68656254377104,61.40625,51.77001095937648,0.2588500547968824,0.0,,83.72282481045883,83.72282481045883,0.08312987961112372,5.6231420153290115,1.0067939815172622e-09,1.2013394337293561e-11,True,True,True,0.18202712503261864,True
25mm_back_loaded,25.0,back_loaded,3.75,60.0,98.0,10.0,0.62,25.0,78.80595469107675,5.0,83.80595469107675,0.0,0.0,1.8354166666666667,0.040880040314963416,59.96875,h0.150_o40,0.15,30.0,40.0,0.04088004031496363,-5.329070518200751e-13,59.96875,30.0,0.15,48.52721449352904,51.0,35.152630905905994,83.67984539943502,0.12610929164907958,37.74890189136643,-7.368328169832239e-12,8.792129624909318e-14,False,False,False,0.5258701670682058,False
25mm_back_loaded,25.0,back_loaded,3.75,30.0,98.0,10.0,0.62,25.0,78.80595469107675,5.0,83.80595469107675,0.0,0.0,1.8354166666666667,0.040880040314963416,59.96875,h0.150_o60,0.15,30.0,60.0,0.04088004031496363,-5.329070518200751e-13,59.96875,30.0,0.15,43.63720368174334,51.625,39.9511212348178,83.58832491656115,0.21762977447518833,24.452390426105616,4.0426495484524594e-11,4.823821366100255e-13,False,False,False,0.17256179207470268,False
25mm_back_loaded,25.0,back_loaded,3.75,30.0,98.0,10.0,0.62,25.0,78.80595469107675,5.0,83.80595469107675,0.0,0.0,1.8354166666666667,0.040880040314963416,59.96875,h0.150_o80,0.15,30.0,80.0,0.04088004031496363,-5.329070518200751e-13,59.96875,30.0,0.15,38.12727303879208,52.375,45.554067109365974,83.68134014815806,0.12461454232770844,18.193424700251313,5.909840117279686e-10,7.051814085364672e-12,False,False,True,0.18713458301499486,False
25mm_back_loaded,25.0,back_loaded,3.75,30.0,98.0,10.0,0.62,25.0,78.80595469107675,5.0,83.80595469107675,0.0,0.0,1.8354166666666667,0.040880040314963416,59.96875,h0.150_o100,0.15,30.0,100.0,0.04088004031496363,-5.329070518200751e-13,59.96875,30.0,0.15,32.45887662317861,53.1875,51.265931538066845,83.72480816124546,0.08114652717564524,14.537054949928901,2.6556415400058597e-09,3.168798147810635e-11,False,False,True,0.1720301250461489,False
25mm_back_loaded,25.0,back_loaded,3.75,60.0,98.0,10.0,0.62,25.0,78.80595469107675,5.0,83.80595469107675,0.0,0.0,1.8354166666666667,0.040880040314963416,59.96875,h0.300_o40,0.3,60.0,40.0,0.039356475328067596,3.72691654694417,65.03125,60.0,0.3,17.24371129414642,64.9375,66.4164360727449,83.6601473668913,0.1458073242122953,30.502692589325704,-2.686878497470957e-11,3.2060711048221526e-13,False,False,False,0.528347208048217,False
25mm_back_loaded,25.0,back_loaded,3.75,30.0,98.0,10.0,0.62,25.0,78.80595469107675,5.0,83.80595469107675,0.0,0.0,1.8354166666666667,0.040880040314963416,59.96875,h0.300_o60,0.3,60.0,60.0,0.03695600451666792,9.598903934689062,66.53125,60.0,0.3,11.250699274322637,66.4375,72.30776965829205,83.55846893261467,0.24748575858971808,18.710659853574633,-1.2764164725176386e-10,1.5230617886553892e-12,False,False,True,0.2056522909551859,False
25mm_back_loaded,25.0,back_loaded,3.75,30.0,98.0,10.0,0.62,25.0,78.80595469107675,5.0,83.80595469107675,0.0,0.0,1.8354166666666667,0.040880040314963416,59.96875,h0.300_o80,0.3,60.0,80.0,0.030031488642237036,26.53752684474594,69.09375,60.0,0.3,4.619905980946491,69.0,79.05203053758693,83.67193651853343,0.13401817262665436,13.540810944690808,-8.333320145048617e-11,9.94358954058417e-13,False,False,True,0.18225383397657424,False
25mm_back_loaded,25.0,back_loaded,3.75,30.0,98.0,10.0,0.62,25.0,78.80595469107675,5.0,83.80595469107675,0.0,0.0,1.8354166666666667,0.040880040314963416,59.96875,h0.300_o100,0.3,60.0,100.0,0.01344475502028132,67.11168845065913,74.78125,58.12587233087714,0.2906293616543857,0.0,,83.72112015694132,83.72112015694132,0.08483453314963353,10.608494379523249,9.85791101526523e-10,1.1762781119316875e-11,True,True,True,0.17812283302191645,True
25mm_back_loaded,25.0,back_loaded,3.75,30.0,98.0,10.0,0.62,25.0,78.80595469107675,5.0,83.80595469107675,0.0,0.0,1.8354166666666667,0.040880040314963416,59.96875,h0.450_o40,0.45,90.0,40.0,0.0026528794497720338,93.51057526036492,84.65625,76.94573474506664,0.3847286737253332,0.0,,83.02753604570391,83.02753604570391,0.7784186454074554,27.2973513855497,-3.4617309019324694e-11,4.13065027979576e-13,True,True,False,0.1826910839881748,False
25mm_back_loaded,25.0,back_loaded,3.75,30.0,98.0,10.0,0.62,25.0,78.80595469107675,5.0,83.80595469107675,0.0,0.0,1.8354166666666667,0.040880040314963416,59.96875,h0.450_o60,0.45,90.0,60.0,0.005631021505436914,86.22549913832698,80.09375,70.94933708824975,0.35474668544124877,0.0,,83.54861617258827,83.54861617258827,0.2573385186801223,15.87696131351371,-1.916409808622177e-10,2.2867227223726467e-12,True,True,True,0.18553162494208664,True
25mm_back_loaded,25.0,back_loaded,3.75,30.0,98.0,10.0,0.62,25.0,78.80595469107675,5.0,83.80595469107675,0.0,0.0,1.8354166666666667,0.040880040314963416,59.96875,h0.450_o80,0.45,90.0,80.0,0.009331563464324746,77.17330170804873,76.96875,64.49027808448906,0.3224513904224453,0.0,,83.67071920113871,83.67071920113871,0.13523549019052244,11.130720326951531,-2.524823128347009e-10,3.0127013499863392e-12,True,True,True,0.1818304160842672,True
25mm_back_loaded,25.0,back_loaded,3.75,30.0,98.0,10.0,0.62,25.0,78.80595469107675,5.0,83.80595469107675,0.0,0.0,1.8354166666666667,0.040880040314963416,59.96875,h0.450_o100,0.45,90.0,100.0,0.01344475502028132,67.11168845065913,74.78125,58.12587233087714,0.2906293616543857,0.0,,83.72112015694132,83.72112015694132,0.08483453314963353,8.574578946291867,9.85791101526523e-10,1.1762781119316875e-11,True,True,True,0.1806044999975711,True
25mm_back_loaded,25.0,back_loaded,3.75,30.0,98.0,10.0,0.62,25.0,78.80595469107675,5.0,83.80595469107675,0.0,0.0,1.8354166666666667,0.040880040314963416,59.96875,h0.600_o40,0.6,120.0,40.0,0.0026528794497720338,93.51057526036492,84.65625,76.94573474506664,0.3847286737253332,0.0,,83.02753604570391,83.02753604570391,0.7784186454074554,24.266461639527968,-3.4617309019324694e-11,4.13065027979576e-13,True,True,False,0.17472008394543082,False
25mm_back_loaded,25.0,back_loaded,3.75,30.0,98.0,10.0,0.62,25.0,78.80595469107675,5.0,83.80595469107675,0.0,0.0,1.8354166666666667,0.040880040314963416,59.96875,h0.600_o60,0.6,120.0,60.0,0.005631021505436914,86.22549913832698,80.09375,70.94933708824975,0.35474668544124877,0.0,,83.54861617258827,83.54861617258827,0.2573385186801223,13.856293235420193,-1.916409808622177e-10,2.2867227223726467e-12,True,True,True,0.1873130410676822,True
25mm_back_loaded,25.0,back_loaded,3.75,30.0,98.0,10.0,0.62,25.0,78.80595469107675,5.0,83.80595469107675,0.0,0.0,1.8354166666666667,0.040880040314963416,59.96875,h0.600_o80,0.6,120.0,80.0,0.009331563464324746,77.17330170804873,76.96875,64.49027808448906,0.3224513904224453,0.0,,83.67071920113871,83.67071920113871,0.13523549019052244,9.615163096664876,-2.524823128347009e-10,3.0127013499863392e-12,True,True,True,0.17932970903348178,True
25mm_back_loaded,25.0,back_loaded,3.75,30.0,98.0,10.0,0.62,25.0,78.80595469107675,5.0,83.80595469107675,0.0,0.0,1.8354166666666667,0.040880040314963416,59.96875,h0.600_o100,0.6,120.0,100.0,0.01344475502028132,67.11168845065913,74.78125,58.12587233087714,0.2906293616543857,0.0,,83.72112015694132,83.72112015694132,0.08483453314963353,7.362088220710697,9.85791101526523e-10,1.1762781119316875e-11,True,True,True,0.1812442500377074,True
25mm_back_loaded,25.0,back_loaded,3.75,30.0,98.0,10.0,0.62,25.0,78.80595469107675,5.0,83.80595469107675,0.0,0.0,1.8354166666666667,0.040880040314963416,59.96875,h0.750_o40,0.75,150.0,40.0,0.0026528794497720338,93.51057526036492,84.65625,76.94573474506664,0.3847286737253332,0.0,,83.02753604570391,83.02753604570391,0.7784186454074554,22.198060400398468,-3.4617309019324694e-11,4.13065027979576e-13,True,True,True,0.18059604207519442,True
25mm_back_loaded,25.0,back_loaded,3.75,30.0,98.0,10.0,0.62,25.0,78.80595469107675,5.0,83.80595469107675,0.0,0.0,1.8354166666666667,0.040880040314963416,59.96875,h0.750_o60,0.75,150.0,60.0,0.005631021505436914,86.22549913832698,80.09375,70.94933708824975,0.35474668544124877,0.0,,83.54861617258827,83.54861617258827,0.2573385186801223,12.47730099060735,-1.916409808622177e-10,2.2867227223726467e-12,True,True,True,0.17590712499804795,True
25mm_back_loaded,25.0,back_loaded,3.75,30.0,98.0,10.0,0.62,25.0,78.80595469107675,5.0,83.80595469107675,0.0,0.0,1.8354166666666667,0.040880040314963416,59.96875,h0.750_o80,0.75,150.0,80.0,0.009331563464324746,77.17330170804873,76.96875,64.49027808448906,0.3224513904224453,0.0,,83.67071920113871,83.67071920113871,0.13523549019052244,8.58087532427695,-2.524823128347009e-10,3.0127013499863392e-12,True,True,True,0.18210716708563268,True
25mm_back_loaded,25.0,back_loaded,3.75,30.0,98.0,10.0,0.62,25.0,78.80595469107675,5.0,83.80595469107675,0.0,0.0,1.8354166666666667,0.040880040314963416,59.96875,h0.750_o100,0.75,150.0,100.0,0.01344475502028132,67.11168845065913,74.78125,58.12587233087714,0.2906293616543857,0.0,,83.72112015694132,83.72112015694132,0.08483453314963353,6.534623133566836,9.85791101526523e-10,1.1762781119316875e-11,True,True,True,0.18103291594889015,True
25mm_back_loaded,25.0,back_loaded,3.75,30.0,98.0,10.0,0.62,25.0,78.80595469107675,5.0,83.80595469107675,0.0,0.0,1.8354166666666667,0.040880040314963416,59.96875,h0.900_o40,0.9,180.0,40.0,0.0026528794497720338,93.51057526036492,84.65625,76.94573474506664,0.3847286737253332,0.0,,83.02753604570391,83.02753604570391,0.7784186454074554,20.671216298207167,-3.4617309019324694e-11,4.13065027979576e-13,True,True,True,0.1795347910374403,True
25mm_back_loaded,25.0,back_loaded,3.75,30.0,98.0,10.0,0.62,25.0,78.80595469107675,5.0,83.80595469107675,0.0,0.0,1.8354166666666667,0.040880040314963416,59.96875,h0.900_o60,0.9,180.0,60.0,0.005631021505436914,86.22549913832698,80.09375,70.94933708824975,0.35474668544124877,0.0,,83.54861617258827,83.54861617258827,0.2573385186801223,11.459357418937014,-1.916409808622177e-10,2.2867227223726467e-12,True,True,True,0.18660899996757507,True
25mm_back_loaded,25.0,back_loaded,3.75,30.0,98.0,10.0,0.62,25.0,78.80595469107675,5.0,83.80595469107675,0.0,0.0,1.8354166666666667,0.040880040314963416,59.96875,h0.900_o80,0.9,180.0,80.0,0.009331563464324746,77.17330170804873,76.96875,64.49027808448906,0.3224513904224453,0.0,,83.67071920113871,83.67071920113871,0.13523549019052244,7.81738205737614,-2.524823128347009e-10,3.0127013499863392e-12,True,True,True,0.1779297919711098,True
25mm_back_loaded,25.0,back_loaded,3.75,30.0,98.0,10.0,0.62,25.0,78.80595469107675,5.0,83.80595469107675,0.0,0.0,1.8354166666666667,0.040880040314963416,59.96875,h0.900_o100,0.9,180.0,100.0,0.01344475502028132,67.11168845065913,74.78125,58.12587233087714,0.2906293616543857,0.0,,83.72112015694132,83.72112015694132,0.08483453314963353,5.92380002748524,9.85791101526523e-10,1.1762781119316875e-11,True,True,True,0.18249099992681295,True
50mm_uniform,50.0,uniform,3.75,60.0,98.0,10.0,0.62,50.0,177.10337120827518,10.0,187.10337120827518,0.0,0.0,1.8354166666666667,0.05747778352992473,59.96875,h0.150_o40,0.15,30.0,40.0,0.05747778352992441,5.551115123125783e-13,59.96875,30.0,0.15,149.76492589248318,25.4375,37.21225839784263,186.97718429032585,0.12618691795647258,37.76749302759454,-7.146561120663364e-12,3.8195790244250217e-14,False,False,False,0.5143344999523833,False
50mm_uniform,50.0,uniform,3.75,30.0,98.0,10.0,0.62,50.0,177.10337120827518,10.0,187.10337120827518,0.0,0.0,1.8354166666666667,0.05747778352992473,59.96875,h0.150_o60,0.15,30.0,60.0,0.05747778352992441,5.551115123125783e-13,59.96875,30.0,0.15,142.32506955210852,25.6875,44.5603811604889,186.88545071259742,0.21792049564158741,24.472854954646944,3.617220412088784e-11,1.933273777340043e-13,False,False,False,0.17299308301880956,False
50mm_uniform,50.0,uniform,3.75,30.0,98.0,10.0,0.62,50.0,177.10337120827518,10.0,187.10337120827518,0.0,0.0,1.8354166666666667,0.05747778352992473,59.96875,h0.150_o80,0.15,30.0,80.0,0.05747778352992441,5.551115123125783e-13,59.96875,30.0,0.15,133.36306387819192,26.0,53.61551770567574,186.97858158386768,0.12478962383912276,18.214756563981496,5.683752080098969e-10,3.0377603799410265e-12,False,False,True,0.17219845799263567,False
50mm_uniform,50.0,uniform,3.75,30.0,98.0,10.0,0.62,50.0,177.10337120827518,10.0,187.10337120827518,0.0,0.0,1.8354166666666667,0.05747778352992473,59.96875,h0.150_o100,0.15,30.0,100.0,0.05747778352992441,5.551115123125783e-13,59.96875,30.0,0.15,123.4847857858579,26.375,63.537320866177154,187.02210665203503,0.08126455375075584,14.558947215279558,2.4893585803820173e-09,1.3304723289090145e-11,False,False,True,0.1808901249896735,False
50mm_uniform,50.0,uniform,3.75,60.0,98.0,10.0,0.62,50.0,177.10337120827518,10.0,187.10337120827518,0.0,0.0,1.8354166666666667,0.05747778352992473,59.96875,h0.300_o40,0.3,60.0,40.0,0.05747778352992441,5.551115123125783e-13,59.96875,60.0,0.3,117.20063686021976,35.5625,69.75682513067012,186.95746199088995,0.1459092174115898,30.522320200895308,-2.6308843992239872e-11,1.4061127719047902e-13,False,False,False,0.5281262920470908,False
50mm_uniform,50.0,uniform,3.75,30.0,98.0,10.0,0.62,50.0,177.10337120827518,10.0,187.10337120827518,0.0,0.0,1.8354166666666667,0.05747778352992473,59.96875,h0.300_o60,0.3,60.0,60.0,0.05747778352992441,5.551115123125783e-13,59.96875,60.0,0.3,106.91565559468405,36.3125,79.93986440921894,186.85552000390297,0.24785120449961523,18.73187061857113,-1.2743311961216364e-10,6.810840381401292e-13,False,False,True,0.17328612494748086,False
50mm_uniform,50.0,uniform,3.75,30.0,98.0,10.0,0.62,50.0,177.10337120827518,10.0,187.10337120827518,0.0,0.0,1.8354166666666667,0.05747778352992473,59.96875,h0.300_o80,0.3,60.0,80.0,0.05747778352992441,5.551115123125783e-13,59.96875,60.0,0.3,94.166809675241,37.3125,92.80234116599031,186.96915084123134,0.13422036710930974,13.562897744224665,-6.544331743185694e-11,3.497709154529789e-13,False,False,True,0.17850704200100154,False
50mm_uniform,50.0,uniform,3.75,30.0,98.0,10.0,0.62,50.0,177.10337120827518,10.0,187.10337120827518,0.0,0.0,1.8354166666666667,0.05747778352992473,59.96875,h0.300_o100,0.3,60.0,100.0,0.057477783529924414,5.440092820663267e-13,59.96875,60.0,0.3,79.57416102357443,38.5625,107.44403647929872,187.0181975028732,0.08517370438995453,10.667236557679667,1.01208730285407e-09,5.409241406599025e-12,False,False,True,0.1779272089479491,False
50mm_uniform,50.0,uniform,3.75,30.0,98.0,10.0,0.62,50.0,177.10337120827518,10.0,187.10337120827518,0.0,0.0,1.8354166666666667,0.05747778352992473,59.96875,h0.450_o40,0.45,90.0,40.0,0.0574777835299263,-2.731148640577885e-12,59.96875,90.0,0.45,85.66501868209588,45.0625,100.56782310456481,186.23284178666069,0.8705294216519901,28.62025627598922,-3.749800470131959e-11,2.0041330340102997e-13,False,False,False,0.17428866703994572,False
50mm_uniform,50.0,uniform,3.75,30.0,98.0,10.0,0.62,50.0,177.10337120827518,10.0,187.10337120827518,0.0,0.0,1.8354166666666667,0.05747778352992473,59.96875,h0.450_o60,0.45,90.0,60.0,0.0574777835299263,-2.731148640577885e-12,59.96875,90.0,0.45,73.84831277417624,46.3125,112.98071352448301,186.82902629865922,0.2743449098572359,16.76512955711888,-2.413020894209694e-10,1.2896725904118672e-12,False,False,True,0.17944570898544043,False
50mm_uniform,50.0,uniform,3.75,30.0,98.0,10.0,0.62,50.0,177.10337120827518,10.0,187.10337120827518,0.0,0.0,1.8354166666666667,0.05747778352992473,59.96875,h0.450_o80,0.45,90.0,80.0,0.0574777835299263,-2.731148640577885e-12,59.96875,90.0,0.45,59.293402167296215,48.1875,127.66808332175569,186.96148548905194,0.14188571988630388,11.822764171250318,-6.630360149806336e-10,3.543688233402119e-12,False,False,True,0.17939316702540964,False
50mm_uniform,50.0,uniform,3.75,30.0,98.0,10.0,0.62,50.0,177.10337120827518,10.0,187.10337120827518,0.0,0.0,1.8354166666666667,0.05747778352992473,59.96875,h0.450_o100,0.45,90.0,100.0,0.0574777835299263,-2.731148640577885e-12,59.96875,90.0,0.45,42.81903581901296,50.875,144.19611378699426,187.0151496060072,0.08822160336118248,9.145903166132454,-1.0932182104017585e-09,5.8428568301147095e-12,False,False,True,0.17642066604457796,False
50mm_uniform,50.0,uniform,3.75,30.0,98.0,10.0,0.62,50.0,177.10337120827518,10.0,187.10337120827518,0.0,0.0,1.8354166666666667,0.05747778352992473,59.96875,h0.600_o40,0.6,120.0,40.0,0.0574777835299263,-2.731148640577885e-12,59.96875,120.0,0.6,54.674522783121404,54.375,131.31546869108197,185.98999147420338,1.1133797341162996,28.252148031213768,-4.4472203697409896e-11,2.376878802889415e-13,False,False,False,0.17685370799154043,False
50mm_uniform,50.0,uniform,3.75,30.0,98.0,10.0,0.62,50.0,177.10337120827518,10.0,187.10337120827518,0.0,0.0,1.8354166666666667,0.05747778352992473,59.96875,h0.600_o60,0.6,120.0,60.0,0.0574777835299263,-2.731148640577885e-12,59.96875,120.0,0.6,42.00613983572197,56.3125,144.79739612780938,186.80353596353137,0.2998352450661058,15.93139010277122,-3.222736522090486e-10,1.7224363736894289e-12,False,False,True,0.1808257499942556,False
50mm_uniform,50.0,uniform,3.75,30.0,98.0,10.0,0.62,50.0,177.10337120827518,10.0,187.10337120827518,0.0,0.0,1.8354166666666667,0.05747778352992473,59.96875,h0.600_o80,0.6,120.0,80.0,0.0574777835299263,-2.731148640577885e-12,59.96875,120.0,0.6,26.65592655208312,59.3125,160.29866892488235,186.95459547696547,0.14877573241431097,10.974685406782015,-1.1045989678493129e-09,5.903682871751799e-12,False,False,True,0.17926091700792313,False
50mm_uniform,50.0,uniform,3.75,30.0,98.0,10.0,0.62,50.0,177.10337120827518,10.0,187.10337120827518,0.0,0.0,1.8354166666666667,0.05747778352992473,59.96875,h0.600_o100,0.6,120.0,100.0,0.0522814114867136,9.040661841989317,64.40625,120.0,0.6,9.766774539874271,64.3125,177.24571675568623,187.0124912955605,0.09087991560588916,8.35925814194086,-2.8912056221352955e-09,1.5452450714620923e-11,False,False,True,0.1824919159989804,False
50mm_uniform,50.0,uniform,3.75,30.0,98.0,10.0,0.62,50.0,177.10337120827518,10.0,187.10337120827518,0.0,0.0,1.8354166666666667,0.05747778352992473,59.96875,h0.750_o40,0.75,150.0,40.0,0.05288577972893715,7.989180373660087,63.96875,150.0,0.75,24.05423969529812,63.875,161.6279609254704,185.68220062076853,1.4211705875566794,28.52055305170159,-5.0027981757239104e-11,2.6738150913138903e-13,False,False,False,0.17366054200101644,False
50mm_uniform,50.0,uniform,3.75,30.0,98.0,10.0,0.62,50.0,177.10337120827518,10.0,187.10337120827518,0.0,0.0,1.8354166666666667,0.05747778352992473,59.96875,h0.750_o60,0.75,150.0,60.0,0.04496769649382107,21.765082555054537,67.28125,150.0,0.75,11.008305007830236,67.1875,175.76985686959046,186.7781618774207,0.3252093312372844,15.592458273131117,-3.8277875313852405e-10,2.0458143039680014e-12,False,False,True,0.18444037495646626,False
50mm_uniform,50.0,uniform,3.75,30.0,98.0,10.0,0.62,50.0,177.10337120827518,10.0,187.10337120827518,0.0,0.0,1.8354166666666667,0.05747778352992473,59.96875,h0.750_o80,0.75,150.0,80.0,0.01457969563145125,74.63420692995129,75.65625,145.70672281482777,0.7285336140741389,0.0,,186.94904731534493,186.94904731534493,0.15432389439719646,10.445068623486097,-1.4669460646210553e-09,7.840297345514507e-12,True,True,True,0.18165400007274002,True
50mm_uniform,50.0,uniform,3.75,30.0,98.0,10.0,0.62,50.0,177.10337120827518,10.0,187.10337120827518,0.0,0.0,1.8354166666666667,0.05747778352992473,59.96875,h0.750_o100,0.75,150.0,100.0,0.021213495548587747,63.092704266260824,73.40625,129.446781603112,0.6472339080155599,0.0,,187.0117070052405,187.0117070052405,0.09166420665378708,7.65387915106203,-3.6191191432610736e-09,1.9342885806330184e-11,True,True,True,0.17603304202202708,True
50mm_uniform,50.0,uniform,3.75,30.0,98.0,10.0,0.62,50.0,177.10337120827518,10.0,187.10337120827518,0.0,0.0,1.8354166666666667,0.05747778352992473,59.96875,h0.900_o40,0.9,180.0,40.0,0.00404786582130472,92.957512324397,83.46875,173.7963238315892,0.868981619157946,0.0,,185.37304365698807,185.37304365698807,1.7303275513415743,28.681112110965966,-5.4470428167974205e-11,2.911247820721527e-13,True,True,False,0.1899229580303654,False
50mm_uniform,50.0,uniform,3.75,30.0,98.0,10.0,0.62,50.0,177.10337120827518,10.0,187.10337120827518,0.0,0.0,1.8354166666666667,0.05747778352992473,59.96875,h0.900_o60,0.9,180.0,60.0,0.008697350941366866,84.86832579958697,78.78125,160.8528786272335,0.8042643931361675,0.0,,186.76891339931865,186.76891339931865,0.3344578093623293,14.92383520230814,-4.0580039328830253e-10,2.1688566628582203e-12,True,True,True,0.17723300005309284,True
50mm_uniform,50.0,uniform,3.75,30.0,98.0,10.0,0.62,50.0,177.10337120827518,10.0,187.10337120827518,0.0,0.0,1.8354166666666667,0.05747778352992473,59.96875,h0.900_o80,0.9,180.0,80.0,0.01457969563145125,74.63420692995129,75.65625,145.70672281482777,0.7285336140741389,0.0,,186.94904731534493,186.94904731534493,0.15432389439719646,9.681575363041338,-1.4669460646210553e-09,7.840297345514507e-12,True,True,True,0.18497858301270753,True
50mm_uniform,50.0,uniform,3.75,30.0,98.0,10.0,0.62,50.0,177.10337120827518,10.0,187.10337120827518,0.0,0.0,1.8354166666666667,0.05747778352992473,59.96875,h0.900_o100,0.9,180.0,100.0,0.021213495548587747,63.092704266260824,73.40625,129.446781603112,0.6472339080155599,0.0,,187.0117070052405,187.0117070052405,0.09166420665378708,7.043056064478255,-3.6191191432610736e-09,1.9342885806330184e-11,True,True,True,0.18150704097934067,True
50mm_front_loaded,50.0,front_loaded,3.75,60.0,98.0,10.0,0.62,50.0,177.10337120827518,9.999999999999998,187.10337120827515,0.0,0.0,1.8354166666666667,0.07316916033435841,26.21875,h0.150_o40,0.15,30.0,40.0,0.07316916033435822,2.6645352591003757e-13,26.21875,30.0,0.15,149.9472948972869,19.125,37.030315108095294,186.97761000538216,0.1257612029000265,37.665324756502784,-7.0380645755818705e-12,3.761591536342448e-14,False,False,False,0.5151985419215634,False
50mm_front_loaded,50.0,front_loaded,3.75,30.0,98.0,10.0,0.62,50.0,177.10337120827518,9.999999999999998,187.10337120827515,0.0,0.0,1.8354166666666667,0.07316916033435841,26.21875,h0.150_o60,0.15,30.0,60.0,0.07316916033435822,2.6645352591003757e-13,26.21875,30.0,0.15,142.7034311103792,19.25,44.18349509494777,186.886926205327,0.2164450029133809,24.368565650032938,3.479613819301619e-11,1.8597280192393049e-13,False,False,False,0.17306762502994388,False
50mm_front_loaded,50.0,front_loaded,3.75,30.0,98.0,10.0,0.62,50.0,177.10337120827518,9.999999999999998,187.10337120827515,0.0,0.0,1.8354166666666667,0.07316916033435841,26.21875,h0.150_o80,0.15,30.0,80.0,0.07316916033435822,2.6645352591003757e-13,26.21875,30.0,0.15,133.95284230653596,19.4375,53.02659845008044,186.9794407566164,0.12393045109761311,18.109642340848904,5.61123619791104e-10,2.9990032577579063e-12,False,False,True,0.17475095810368657,False
50mm_front_loaded,50.0,front_loaded,3.75,30.0,98.0,10.0,0.62,50.0,177.10337120827518,9.999999999999998,187.10337120827515,0.0,0.0,1.8354166666666667,0.07316916033435841,26.21875,h0.150_o100,0.15,30.0,100.0,0.07316916033435822,2.6645352591003757e-13,26.21875,30.0,0.15,124.25761163861209,19.625,62.76505941020434,187.0226710488165,0.08070015705119668,14.453825754829724,2.407532423420733e-09,1.2867392008350159e-11,False,False,True,0.17917937494348735,False
50mm_front_loaded,50.0,front_loaded,3.75,60.0,98.0,10.0,0.62,50.0,177.10337120827518,9.999999999999998,187.10337120827515,0.0,0.0,1.8354166666666667,0.07316916033435841,26.21875,h0.300_o40,0.3,60.0,40.0,0.07315770281449166,0.015658946767183046,26.53125,60.0,0.3,117.32388608094962,26.4375,69.63411150790792,186.95799758885755,0.14537361944426702,30.418917634630446,-2.6641189254661413e-11,1.4238754268625993e-13,False,False,False,0.552401207969524,False
50mm_front_loaded,50.0,front_loaded,3.75,30.0,98.0,10.0,0.62,50.0,177.10337120827518,9.999999999999998,187.10337120827515,0.0,0.0,1.8354166666666667,0.07316916033435841,26.21875,h0.300_o60,0.3,60.0,60.0,0.07311017557674973,0.08061423329055462,26.90625,60.0,0.3,107.13856739971241,26.8125,79.71875571048531,186.85732311019774,0.24604809820141207,18.626758841921383,-1.239743030456708e-10,6.62597911758993e-13,False,False,True,0.175648209056817,False
50mm_front_loaded,50.0,front_loaded,3.75,30.0,98.0,10.0,0.62,50.0,177.10337120827518,9.999999999999998,187.10337120827515,0.0,0.0,1.8354166666666667,0.07316916033435841,26.21875,h0.300_o80,0.3,60.0,80.0,0.07299422515777867,0.2390832090737982,27.40625,60.0,0.3,94.40329734639005,27.3125,92.56681378568868,186.97011113207876,0.1332600762459165,13.457552938504993,-4.949493592754095e-11,2.6453257152937876e-13,False,False,True,0.17309050005860627,False
50mm_front_loaded,50.0,front_loaded,3.75,30.0,98.0,10.0,0.62,50.0,177.10337120827518,9.999999999999998,187.10337120827515,0.0,0.0,1.8354166666666667,0.07316916033435841,26.21875,h0.300_o100,0.3,60.0,100.0,0.07277423643174075,0.5397409247461571,28.03125,60.0,0.3,79.72471536793923,27.9375,107.2940964149839,187.01881178292317,0.08455942434252993,10.56058803271815,1.00948195635997e-09,5.395316769767123e-12,False,False,True,0.17676058306824416,False
50mm_front_loaded,50.0,front_loaded,3.75,30.0,98.0,10.0,0.62,50.0,177.10337120827518,9.999999999999998,187.10337120827515,0.0,0.0,1.8354166666666667,0.07316916033435841,26.21875,h0.450_o40,0.45,90.0,40.0,0.0678500010530153,7.269673803876319,33.84375,90.0,0.45,85.65767466964938,33.75,100.58298389955858,186.2406585692079,0.8627126391039667,28.516282003700407,-3.6783354140368374e-11,1.965937540453121e-13,False,False,False,0.17833816702477634,False
50mm_front_loaded,50.0,front_loaded,3.75,30.0,98.0,10.0,0.62,50.0,177.10337120827518,9.999999999999998,187.10337120827515,0.0,0.0,1.8354166666666667,0.07316916033435841,26.21875,h0.450_o60,0.45,90.0,60.0,0.06711153323815704,8.27893482516413,34.59375,90.0,0.45,73.74000276721256,34.5,113.09112694195144,186.83112970916403,0.2722414993481241,16.659806105589396,-2.369777152289032e-10,1.2665603708717262e-12,False,False,True,0.17854304099455476,False
50mm_front_loaded,50.0,front_loaded,3.75,30.0,98.0,10.0,0.62,50.0,177.10337120827518,9.999999999999998,187.10337120827515,0.0,0.0,1.8354166666666667,0.07316916033435841,26.21875,h0.450_o80,0.45,90.0,80.0,0.06581392703645103,10.052368052737581,35.78125,90.0,0.45,58.85687550918478,35.6875,128.1056573269441,186.96253283612893,0.14083837276399921,11.717034814901103,-6.177791334049942e-10,3.3018065330170346e-12,False,False,True,0.17350262496620417,False
50mm_front_loaded,50.0,front_loaded,3.75,30.0,98.0,10.0,0.62,50.0,177.10337120827518,9.999999999999998,187.10337120827515,0.0,0.0,1.8354166666666667,0.07316916033435841,26.21875,h0.450_o100,0.45,90.0,100.0,0.06371421883280845,12.922030891627113,37.46875,90.0,0.45,41.897625579043016,37.375,145.11818923917735,187.01581481822038,0.08755639105279653,9.036317810318144,-9.980247461793823e-10,5.334082115861106e-12,False,False,True,0.18038470903411508,False
50mm_front_loaded,50.0,front_loaded,3.75,30.0,98.0,10.0,0.62,50.0,177.10337120827518,9.999999999999998,187.10337120827515,0.0,0.0,1.8354166666666667,0.07316916033435841,26.21875,h0.600_o40,0.6,120.0,40.0,0.05650314633091209,22.777374958641396,42.21875,120.0,0.6,54.51305998789928,42.125,131.4882677573306,186.00132774522987,1.1020434630911842,28.147801678971565,-4.590727797904037e-11,2.453578344557909e-13,False,False,False,0.17623774998355657,False
50mm_front_loaded,50.0,front_loaded,3.75,30.0,98.0,10.0,0.62,50.0,177.10337120827518,9.999999999999998,187.10337120827515,0.0,0.0,1.8354166666666667,0.07316916033435841,26.21875,h0.600_o60,0.6,120.0,60.0,0.054325649490147045,25.753351218058086,43.84375,120.0,0.6,41.51435482399266,43.75,145.2915846617679,186.80593948576058,0.2974317228294335,15.826027561736518,-3.1485952733945055e-10,1.682810551761587e-12,False,False,True,0.17618549999315292,False
50mm_front_loaded,50.0,front_loaded,3.75,30.0,98.0,10.0,0.62,50.0,177.10337120827518,9.999999999999998,187.10337120827515,0.0,0.0,1.8354166666666667,0.07316916033435841,26.21875,h0.600_o80,0.6,120.0,80.0,0.050285266038755105,31.275327188437885,46.65625,120.0,0.6,25.498139233117815,46.5625,161.45758828424795,186.95572751736577,0.14764369197364388,10.868233863263239,-1.0642675352112718e-09,5.688125918514726e-12,False,False,True,0.18414533394388855,False
50mm_front_loaded,50.0,front_loaded,3.75,30.0,98.0,10.0,0.62,50.0,177.10337120827518,9.999999999999998,187.10337120827515,0.0,0.0,1.8354166666666667,0.07316916033435841,26.21875,h0.600_o100,0.6,120.0,100.0,0.04074544599096346,44.31336125114665,52.34375,120.0,0.6,7.8781336946112415,52.25,179.1350768021796,187.01321049679083,0.09016071436206806,8.24590693080321,-2.8777805555213476e-09,1.5380698578209638e-11,False,False,True,0.17933762504253536,False
50mm_front_loaded,50.0,front_loaded,3.75,30.0,98.0,10.0,0.62,50.0,177.10337120827518,9.999999999999998,187.10337120827515,0.0,0.0,1.8354166666666667,0.07316916033435841,26.21875,h0.750_o40,0.75,150.0,40.0,0.03918671917977766,46.44366697566631,53.40625,150.0,0.75,23.762436953424622,53.3125,161.93613578199876,185.69857273542337,1.4047984729017051,28.41594813705787,-4.9924731015948964e-11,2.6682967117879973e-13,False,False,False,0.17960849998053163,False
50mm_front_loaded,50.0,front_loaded,3.75,30.0,98.0,10.0,0.62,50.0,177.10337120827518,9.999999999999998,187.10337120827515,0.0,0.0,1.8354166666666667,0.07316916033435841,26.21875,h0.750_o60,0.75,150.0,60.0,0.03209060386081243,56.1418995186371,57.96875,150.0,0.75,10.228653362417614,57.875,176.55222321568144,186.78087657809905,0.32249463055775685,15.487080427345395,-3.8163328053286705e-10,2.039692166252044e-12,True,False,True,0.1813575830310583,False
50mm_front_loaded,50.0,front_loaded,3.75,30.0,98.0,10.0,0.62,50.0,177.10337120827518,9.999999999999998,187.10337120827515,0.0,0.0,1.8354166666666667,0.07316916033435841,26.21875,h0.750_o80,0.75,150.0,80.0,0.014502285985783141,80.1797835050825,68.65625,144.2491460778224,0.721245730389112,0.0,,186.95055649022183,186.95055649022183,0.15281471951264458,10.310516340089928,-1.459323550889735e-09,7.799557760321064e-12,True,True,True,0.17771733400877565,True
50mm_front_loaded,50.0,front_loaded,3.75,30.0,98.0,10.0,0.62,50.0,177.10337120827518,9.999999999999998,187.10337120827515,0.0,0.0,1.8354166666666667,0.07316916033435841,26.21875,h0.750_o100,0.75,150.0,100.0,0.021042111413632398,71.24183014062612,64.53125,127.52682127085349,0.6376341063542674,0.0,,187.0125979321794,187.0125979321794,0.09077327979207084,7.515071640701748,-3.6963250238386536e-09,1.975552337709655e-11,True,True,True,0.18039995897561312,True
50mm_front_loaded,50.0,front_loaded,3.75,30.0,98.0,10.0,0.62,50.0,177.10337120827518,9.999999999999998,187.10337120827515,0.0,0.0,1.8354166666666667,0.07316916033435841,26.21875,h0.900_o40,0.9,180.0,40.0,0.004043980342263771,94.4731081731919,77.03125,173.4705411153594,0.867352705576797,0.0,,185.3996755954122,185.3996755954122,1.703695612918574,28.554081775403525,-5.5615734240177517e-11,2.9724602972689655e-13,True,True,False,0.18022545799613,False
50mm_front_loaded,50.0,front_loaded,3.75,30.0,98.0,10.0,0.62,50.0,177.10337120827518,9.999999999999998,187.10337120827515,0.0,0.0,1.8354166666666667,0.07316916033435841,26.21875,h0.900_o60,0.9,180.0,60.0,0.008674952880256636,88.14397645044029,72.46875,160.05652835455382,0.8002826417727691,0.0,,186.77241673358296,186.77241673358296,0.3309544750969366,14.793235967690972,-4.047450707922451e-10,2.163216344946029e-12,True,True,True,0.18243462510872632,True
50mm_front_loaded,50.0,front_loaded,3.75,30.0,98.0,10.0,0.62,50.0,177.10337120827518,9.999999999999998,187.10337120827515,0.0,0.0,1.8354166666666667,0.07316916033435841,26.21875,h0.900_o80,0.9,180.0,80.0,0.014502285985783141,80.1797835050825,68.65625,144.2491460778224,0.721245730389112,0.0,,186.95055649022183,186.95055649022183,0.15281471951264458,9.547023080936977,-1.459323550889735e-09,7.799557760321064e-12,True,True,True,0.18264104099944234,True
50mm_front_loaded,50.0,front_loaded,3.75,30.0,98.0,10.0,0.62,50.0,177.10337120827518,9.999999999999998,187.10337120827515,0.0,0.0,1.8354166666666667,0.07316916033435841,26.21875,h0.900_o100,0.9,180.0,100.0,0.021042111413632398,71.24183014062612,64.53125,127.52682127085349,0.6376341063542674,0.0,,187.0125979321794,187.0125979321794,0.09077327979207084,6.9042485045598365,-3.6963250238386536e-09,1.975552337709655e-11,True,True,True,0.18181829096283764,True
50mm_back_loaded,50.0,back_loaded,3.75,60.0,98.0,10.0,0.62,50.0,177.10337120827518,10.0,187.10337120827518,0.0,0.0,1.8354166666666667,0.08563858368271136,59.96875,h0.150_o40,0.15,30.0,40.0,0.08563858368271156,-2.220446049250313e-13,59.96875,30.0,0.15,150.5126524102821,37.5625,36.464342718845714,186.97699512912783,0.12637607915471735,37.8127244861061,-7.340211771733607e-12,3.923078309242653e-14,False,False,False,0.5200801669852808,False
50mm_back_loaded,50.0,back_loaded,3.75,30.0,98.0,10.0,0.62,50.0,177.10337120827518,10.0,187.10337120827518,0.0,0.0,1.8354166666666667,0.08563858368271136,59.96875,h0.150_o60,0.15,30.0,60.0,0.08563858368271156,-2.220446049250313e-13,59.96875,30.0,0.15,143.95520971867757,37.875,42.929556764309545,186.88476648298715,0.21860472525201385,24.520858258579715,3.6045999518563576e-11,1.9265285967743877e-13,False,False,False,0.177966249990277,False
50mm_back_loaded,50.0,back_loaded,3.75,30.0,98.0,10.0,0.62,50.0,177.10337120827518,10.0,187.10337120827518,0.0,0.0,1.8354166666666667,0.08563858368271136,59.96875,h0.150_o80,0.15,30.0,80.0,0.08563858368271156,-2.220446049250313e-13,59.96875,30.0,0.15,136.1794200909639,38.3125,50.79875770395496,186.97817779491882,0.1251934127830816,18.26378335208168,5.732465613306204e-10,3.0637960055380708e-12,False,False,True,0.17472875001840293,False
50mm_back_loaded,50.0,back_loaded,3.75,30.0,98.0,10.0,0.62,50.0,177.10337120827518,10.0,187.10337120827518,0.0,0.0,1.8354166666666667,0.08563858368271136,59.96875,h0.150_o100,0.15,30.0,100.0,0.08563858368271156,-2.220446049250313e-13,59.96875,30.0,0.15,127.73222813232897,38.6875,59.28961088409642,187.0218390164254,0.08153218931380667,14.60841359234745,2.5359819938453043e-09,1.355390860928081e-11,False,False,True,0.17167975008487701,False
50mm_back_loaded,50.0,back_loaded,3.75,60.0,98.0,10.0,0.62,50.0,177.10337120827518,10.0,187.10337120827518,0.0,0.0,1.8354166666666667,0.08563858368271136,59.96875,h0.300_o40,0.3,60.0,40.0,0.08563858368271061,8.770761894538737e-13,59.96875,60.0,0.3,118.35031747176804,47.25,68.60690044844577,186.9572179202138,0.14615328808819208,30.569251859136635,-2.6807583930477108e-11,1.4327686218243548e-13,False,False,False,0.5330685829976574,False
50mm_back_loaded,50.0,back_loaded,3.75,30.0,98.0,10.0,0.62,50.0,177.10337120827518,10.0,187.10337120827518,0.0,0.0,1.8354166666666667,0.08563858368271136,59.96875,h0.300_o60,0.3,60.0,60.0,0.08563858368271061,8.770761894538737e-13,59.96875,60.0,0.3,109.47608325254288,47.8125,77.37859028368578,186.8546735362286,0.24869767217273286,18.78082056976511,-1.2618650568896328e-10,6.74421336580291e-13,False,False,True,0.17822258395608515,False
50mm_back_loaded,50.0,back_loaded,3.75,30.0,98.0,10.0,0.62,50.0,177.10337120827518,10.0,187.10337120827518,0.0,0.0,1.8354166666666667,0.08563858368271136,59.96875,h0.300_o80,0.3,60.0,80.0,0.0856385836827106,8.881784197001252e-13,59.96875,60.0,0.3,98.68675842957659,48.625,88.2819355204115,186.9686939499881,0.1346772583413272,13.612623104929867,-5.42004774395366e-11,2.8968199284449575e-13,False,False,True,0.17216487496625632,False
50mm_back_loaded,50.0,back_loaded,3.75,30.0,98.0,10.0,0.62,50.0,177.10337120827518,10.0,187.10337120827518,0.0,0.0,1.8354166666666667,0.08563858368271136,59.96875,h0.300_o100,0.3,60.0,100.0,0.08563858368271061,8.770761894538737e-13,59.96875,60.0,0.3,86.5573465224195,49.625,100.46055928149539,187.01790580391486,0.08546540325498012,10.717476876857571,1.105340347029582e-09,5.907645275932341e-12,False,False,True,0.17866895801853389,False
50mm_back_loaded,50.0,back_loaded,3.75,30.0,98.0,10.0,0.62,50.0,177.10337120827518,10.0,187.10337120827518,0.0,0.0,1.8354166666666667,0.08563858368271136,59.96875,h0.450_o40,0.45,90.0,40.0,0.08563858368271061,8.770761894538737e-13,59.96875,90.0,0.45,87.07270438474914,54.6875,99.15652093263022,186.22922531737936,0.8741458909333397,28.66788788086681,-3.7521763474046566e-11,2.0054028546753977e-13,False,False,False,0.1803730420069769,False
50mm_back_loaded,50.0,back_loaded,3.75,30.0,98.0,10.0,0.62,50.0,177.10337120827518,10.0,187.10337120827518,0.0,0.0,1.8354166666666667,0.08563858368271136,59.96875,h0.450_o60,0.45,90.0,60.0,0.08563858368271061,8.770761894538737e-13,59.96875,90.0,0.45,76.97791366737579,55.5,109.85011967310113,186.82803334047696,0.2753378680354978,16.814429777863957,-2.372268492756291e-10,1.2678919024476511e-12,False,False,True,0.17794525006320328,False
50mm_back_loaded,50.0,back_loaded,3.75,30.0,98.0,10.0,0.62,50.0,177.10337120827518,10.0,187.10337120827518,0.0,0.0,1.8354166666666667,0.08563858368271136,59.96875,h0.450_o80,0.45,90.0,80.0,0.08563858368271061,8.770761894538737e-13,59.96875,90.0,0.45,64.77451229992793,56.625,122.18647289840588,186.96098519833382,0.14238601056074102,11.872856154322765,-6.193793811171133e-10,3.310359279564491e-12,False,False,True,0.17890708392951638,False
50mm_back_loaded,50.0,back_loaded,3.75,30.0,98.0,10.0,0.62,50.0,177.10337120827518,10.0,187.10337120827518,0.0,0.0,1.8354166666666667,0.08563858368271136,59.96875,h0.450_o100,0.45,90.0,100.0,0.08563858368271061,8.770761894538737e-13,59.96875,90.0,0.45,51.18537198825198,58.0,135.8294697901496,187.01484177840155,0.08852943069096747,9.196195353836782,-8.173646759424003e-10,4.368519234389134e-12,False,False,True,0.1802832499379292,False
50mm_back_loaded,50.0,back_loaded,3.75,30.0,98.0,10.0,0.62,50.0,177.10337120827518,10.0,187.10337120827518,0.0,0.0,1.8354166666666667,0.08563858368271136,59.96875,h0.600_o40,0.6,120.0,40.0,0.0839461030576255,1.9763061838533713,63.03125,120.0,0.6,56.22739641802392,61.0625,129.75731642655984,185.98471284458375,1.1186583637365122,28.300193839555618,-4.5117021230112186e-11,2.4113419730898336e-13,False,False,False,0.17597350000869483,False
50mm_back_loaded,50.0,back_loaded,3.75,30.0,98.0,10.0,0.62,50.0,177.10337120827518,10.0,187.10337120827518,0.0,0.0,1.8354166666666667,0.08563858368271136,59.96875,h0.600_o60,0.6,120.0,60.0,0.0839461030576255,1.9763061838533713,63.03125,120.0,0.6,45.422857836694405,62.125,141.3795386731576,186.802396509852,0.30097469873757493,15.98089846528671,-3.1439956194034835e-10,1.6803522026889227e-12,False,False,True,0.17888474999926984,False
50mm_back_loaded,50.0,back_loaded,3.75,30.0,98.0,10.0,0.62,50.0,177.10337120827518,10.0,187.10337120827518,0.0,0.0,1.8354166666666667,0.08563858368271136,59.96875,h0.600_o80,0.6,120.0,80.0,0.083648977317038,2.323259306861958,63.78125,120.0,0.6,32.521435189438485,63.6875,154.43262100839058,186.9540561978291,0.14931501147954462,11.024970307568559,-1.0334565425651476e-09,5.523452281438316e-12,False,False,True,0.18110412498936057,False
50mm_back_loaded,50.0,back_loaded,3.75,30.0,98.0,10.0,0.62,50.0,177.10337120827518,10.0,187.10337120827518,0.0,0.0,1.8354166666666667,0.08563858368271136,59.96875,h0.600_o100,0.6,120.0,100.0,0.07916189332943684,7.562818153637951,65.90625,120.0,0.6,18.42258966208118,65.8125,168.58958044434914,187.0121701064303,0.09120110420563367,8.409446091993184,-2.360745723906099e-09,1.2617333983139308e-11,False,False,True,0.18051462504081428,False
50mm_back_loaded,50.0,back_loaded,3.75,30.0,98.0,10.0,0.62,50.0,177.10337120827518,10.0,187.10337120827518,0.0,0.0,1.8354166666666667,0.08563858368271136,59.96875,h0.750_o40,0.75,150.0,40.0,0.07126114526599091,16.78850559928511,67.59375,150.0,0.75,25.66028283345634,67.5,160.01425593015833,185.67453876361466,1.4288324447092968,28.568887574247665,-4.878231152360968e-11,2.607238512517627e-13,False,False,False,0.1806157500250265,False
50mm_back_loaded,50.0,back_loaded,3.75,30.0,98.0,10.0,0.62,50.0,177.10337120827518,10.0,187.10337120827518,0.0,0.0,1.8354166666666667,0.08563858368271136,59.96875,h0.750_o60,0.75,150.0,60.0,0.05931226746893116,30.741185902044453,69.53125,150.0,0.75,14.481045408536362,69.4375,172.2958246107824,186.77687001931878,0.32650118932327743,15.642142827625888,-3.668496617592609e-10,1.9606790588016726e-12,False,False,True,0.17724395799450576,False
50mm_back_loaded,50.0,back_loaded,3.75,30.0,98.0,10.0,0.62,50.0,177.10337120827518,10.0,187.10337120827518,0.0,0.0,1.8354166666666667,0.08563858368271136,59.96875,h0.750_o80,0.75,150.0,80.0,0.028150853761546083,67.12830531405768,74.71875,150.0,0.75,1.4111729788894691,74.625,185.53639505173658,186.9475680306261,0.15580317902864219,10.575054133931728,-1.3795230791036062e-09,7.373053035842856e-12,True,False,True,0.1839672919595614,False
50mm_back_loaded,50.0,back_loaded,3.75,30.0,98.0,10.0,0.62,50.0,177.10337120827518,10.0,187.10337120827518,0.0,0.0,1.8354166666666667,0.08563858368271136,59.96875,h0.750_o100,0.75,150.0,100.0,0.02193705651583693,74.38414372064683,76.15625,137.72466861918673,0.6886233430959336,0.0,,187.01070755116749,187.01070755116749,0.09266366049678046,7.807206582686581,-3.389087815941494e-09,1.8113451372123656e-11,True,True,True,0.18007875001057982,True
50mm_back_loaded,50.0,back_loaded,3.75,30.0,98.0,10.0,0.62,50.0,177.10337120827518,10.0,187.10337120827518,0.0,0.0,1.8354166666666667,0.08563858368271136,59.96875,h0.900_o40,0.9,180.0,40.0,0.004066772303081383,95.2512382524346,86.46875,175.3860266863248,0.8769301334316241,0.0,,185.33927426933258,185.33927426933258,1.7640969389969408,28.83803222081575,-5.434031002948814e-11,2.9042934757706165e-13,True,True,False,0.20498537493404,False
50mm_back_loaded,50.0,back_loaded,3.75,30.0,98.0,10.0,0.62,50.0,177.10337120827518,10.0,187.10337120827518,0.0,0.0,1.8354166666666667,0.08563858368271136,59.96875,h0.900_o60,0.9,180.0,60.0,0.008792484915761808,89.73303324546127,81.78125,164.25820794927077,0.8212910397463539,0.0,,186.76463187989515,186.76463187989515,0.3387393287820788,15.080684851844747,-4.0204950479960644e-10,2.1488095174515202e-12,True,True,True,0.19471995905041695,True
50mm_back_loaded,50.0,back_loaded,3.75,30.0,98.0,10.0,0.62,50.0,177.10337120827518,10.0,187.10337120827518,0.0,0.0,1.8354166666666667,0.08563858368271136,59.96875,h0.900_o80,0.9,180.0,80.0,0.014878154166219317,82.6268096383489,78.53125,151.39922981482408,0.7569961490741204,0.0,,186.94727307448272,186.94727307448272,0.15609813520991725,9.837257669498902,-1.4174627305241216e-09,7.575826781583027e-12,True,True,True,0.17881491594016552,True
50mm_back_loaded,50.0,back_loaded,3.75,30.0,98.0,10.0,0.62,50.0,177.10337120827518,10.0,187.10337120827518,0.0,0.0,1.8354166666666667,0.08563858368271136,59.96875,h0.900_o100,0.9,180.0,100.0,0.02193705651583693,74.38414372064683,76.15625,137.72466861918673,0.6886233430959336,0.0,,187.01070755116749,187.01070755116749,0.09266366049678046,7.196383531906721,-3.389087815941494e-09,1.8113451372123656e-11,True,True,True,0.21214933297596872,True
100mm_uniform,100.0,uniform,3.75,60.0,98.0,10.0,0.62,100.0,376.1503888716483,20.0,396.15038887164826,0.0,5.684341886080802e-14,1.8354166666666667,0.1161895439923202,59.96875,h0.150_o40,0.15,30.0,40.0,0.11618954399231995,2.1094237467877974e-13,59.96875,30.0,0.15,357.9711852245098,17.4375,38.052767704514295,396.02395292902406,0.1264359426312915,37.82701764426632,-7.093381437783819e-12,1.7905779312719687e-14,False,False,False,0.5151999170193449,False
100mm_uniform,100.0,uniform,3.75,30.0,98.0,10.0,0.62,100.0,376.1503888716483,20.0,396.15038887164826,0.0,5.684341886080802e-14,1.8354166666666667,0.1161895439923202,59.96875,h0.150_o60,0.15,30.0,60.0,0.11618954399231995,2.1094237467877974e-13,59.96875,30.0,0.15,349.4395510033236,17.5625,46.49199440650206,395.9315454098256,0.2188434617884318,24.53755423148938,3.4211994348609664e-11,8.636112776780403e-14,False,False,False,0.17525091697461903,False
100mm_uniform,100.0,uniform,3.75,30.0,98.0,10.0,0.62,100.0,376.1503888716483,20.0,396.15038887164826,0.0,5.684341886080802e-14,1.8354166666666667,0.1161895439923202,59.96875,h0.150_o80,0.15,30.0,80.0,0.11618954399231995,2.1094237467877974e-13,59.96875,30.0,0.15,338.9933389035535,17.6875,57.031709200716286,396.0250481042698,0.12534076682449213,18.28161559145034,5.540397030046051e-10,1.3985590285110451e-12,False,False,True,0.17035608307924122,False
100mm_uniform,100.0,uniform,3.75,30.0,98.0,10.0,0.62,100.0,376.1503888716483,20.0,396.15038887164826,0.0,5.684341886080802e-14,1.8354166666666667,0.1161895439923202,59.96875,h0.150_o100,0.15,30.0,100.0,0.11618954399231995,2.1094237467877974e-13,59.96875,30.0,0.15,327.29760265635036,17.8125,68.77115377513935,396.06875643148976,0.0816324377731578,14.626879612238733,2.385399724968984e-09,6.02144991391602e-12,False,False,True,0.17417104204650968,False
100mm_uniform,100.0,uniform,3.75,60.0,98.0,10.0,0.62,100.0,376.1503888716483,20.0,396.15038887164826,0.0,5.684341886080802e-14,1.8354166666666667,0.1161895439923202,59.96875,h0.300_o40,0.3,60.0,40.0,0.1161895439923209,-5.995204332975845e-13,59.96875,60.0,0.3,324.77455248969113,23.1875,71.22960164113782,396.00415413082897,0.14623474084390356,30.584888023996818,-2.460812109639221e-11,6.21181293459873e-14,False,False,False,0.5235369170550257,False
100mm_uniform,100.0,uniform,3.75,30.0,98.0,10.0,0.62,100.0,376.1503888716483,20.0,396.15038887164826,0.0,5.684341886080802e-14,1.8354166666666667,0.1161895439923202,59.96875,h0.300_o60,0.3,60.0,60.0,0.1161895439923209,-5.995204332975845e-13,59.96875,60.0,0.3,312.5260370871326,23.375,83.3753475905509,395.9013846776835,0.24900419408754562,18.79848468423793,-1.2272341476382564e-10,3.097899641431066e-13,False,False,True,0.1766903749667108,False
100mm_uniform,100.0,uniform,3.75,30.0,98.0,10.0,0.62,100.0,376.1503888716483,20.0,396.15038887164826,0.0,5.684341886080802e-14,1.8354166666666667,0.1161895439923202,59.96875,h0.300_o80,0.3,60.0,80.0,0.1161895439923209,-5.995204332975845e-13,59.96875,60.0,0.3,296.9499571274612,23.6875,99.0655823423643,396.0155394698254,0.13484940186542033,13.631292617341675,-4.267192155182897e-11,1.0771647018540368e-13,False,False,True,0.17454708309378475,False
100mm_uniform,100.0,uniform,3.75,30.0,98.0,10.0,0.62,100.0,376.1503888716483,20.0,396.15038887164826,0.0,5.684341886080802e-14,1.8354166666666667,0.1161895439923202,59.96875,h0.300_o100,0.3,60.0,100.0,0.1161895439923209,-5.995204332975845e-13,59.96875,60.0,0.3,278.5983158051045,24.0625,117.4664953165146,396.06481112161913,0.08557774896507826,10.736758030529442,1.0640527764449459e-09,2.685981905699192e-12,False,False,True,0.1741751249646768,False
100mm_uniform,100.0,uniform,3.75,30.0,98.0,10.0,0.62,100.0,376.1503888716483,20.0,396.15038887164826,0.0,5.684341886080802e-14,1.8354166666666667,0.1161895439923202,59.96875,h0.450_o40,0.45,90.0,40.0,0.11618954399231901,1.0325074129013956e-12,59.96875,90.0,0.45,292.61251607842064,28.125,102.66248463593914,395.27500071435975,0.8753881573256189,28.684181313625206,-3.7106873129744145e-11,9.366865254237244e-14,False,False,False,0.17783441697247326,False
100mm_uniform,100.0,uniform,3.75,30.0,98.0,10.0,0.62,100.0,376.1503888716483,20.0,396.15038887164826,0.0,5.684341886080802e-14,1.8354166666666667,0.1161895439923202,59.96875,h0.450_o60,0.45,90.0,60.0,0.11618954399231901,1.0325074129013956e-12,59.96875,90.0,0.45,277.97042901829263,28.5,117.90425547417539,395.874684492468,0.27570437941380393,16.83255969297687,-2.335068249870176e-10,5.894398479630755e-13,False,False,True,0.1764899999834597,False
100mm_uniform,100.0,uniform,3.75,30.0,98.0,10.0,0.62,100.0,376.1503888716483,20.0,396.15038887164826,0.0,5.684341886080802e-14,1.8354166666666667,0.1161895439923202,59.96875,h0.450_o80,0.45,90.0,80.0,0.11618954399231901,1.0325074129013956e-12,59.96875,90.0,0.45,259.2395423208826,29.0,136.76826982572877,396.00781214661134,0.14257672561948068,11.891882218694223,-5.82563025597338e-10,1.4705602770115844e-12,False,False,True,0.17431816703174263,False
100mm_uniform,100.0,uniform,3.75,30.0,98.0,10.0,0.62,100.0,376.1503888716483,20.0,396.15038887164826,0.0,5.684341886080802e-14,1.8354166666666667,0.1161895439923202,59.96875,h0.450_o100,0.45,90.0,100.0,0.11618954399231901,1.0325074129013956e-12,59.96875,90.0,0.45,237.02797170665747,29.625,159.0337670551976,396.0617387618551,0.08865011053172096,9.215840238938913,-7.385140970983528e-10,1.86422661151957e-12,False,False,True,0.17829125002026558,False
100mm_uniform,100.0,uniform,3.75,30.0,98.0,10.0,0.62,100.0,376.1503888716483,20.0,396.15038887164826,0.0,5.684341886080802e-14,1.8354166666666667,0.1161895439923202,59.96875,h0.600_o40,0.6,120.0,40.0,0.11618954399231901,1.0325074129013956e-12,59.96875,120.0,0.6,260.9702819525884,32.8125,134.0596051863304,395.02988713891875,1.1205017327739957,28.316892051783245,-4.448752477514972e-11,1.1229958628051119e-13,False,False,False,0.1748823329107836,False
100mm_uniform,100.0,uniform,3.75,30.0,98.0,10.0,0.62,100.0,376.1503888716483,20.0,396.15038887164826,0.0,5.684341886080802e-14,1.8354166666666667,0.1161895439923202,59.96875,h0.600_o60,0.6,120.0,60.0,0.11618954399231901,1.0325074129013956e-12,59.96875,120.0,0.6,244.56812745772515,33.3125,151.2808609000496,395.8489883577747,0.3014005141762513,15.999327704778798,-3.0276253726313485e-10,7.642616182341529e-13,False,False,True,0.17858733399771154,False
100mm_uniform,100.0,uniform,3.75,30.0,98.0,10.0,0.62,100.0,376.1503888716483,20.0,396.15038887164826,0.0,5.684341886080802e-14,1.8354166666666667,0.1161895439923202,59.96875,h0.600_o80,0.6,120.0,80.0,0.11618954399231901,1.0325074129013956e-12,59.96875,120.0,0.6,223.58455652112178,34.0625,172.4163098132094,396.0008663343313,0.14952253829115827,11.044248601697255,-9.740899475918496e-10,2.458889287894786e-12,False,False,True,0.17883233295287937,False
100mm_uniform,100.0,uniform,3.75,30.0,98.0,10.0,0.62,100.0,376.1503888716483,20.0,396.15038887164826,0.0,5.684341886080802e-14,1.8354166666666667,0.1161895439923202,59.96875,h0.600_o100,0.6,120.0,100.0,0.11618954399231901,1.0325074129013956e-12,59.96875,120.0,0.6,198.7209124821621,35.0625,197.33814784067243,396.05906032283457,0.0913285509849386,8.429287140702288,-2.171189630861825e-09,5.480720685510383e-12,False,False,True,0.17757387505844235,False
100mm_uniform,100.0,uniform,3.75,30.0,98.0,10.0,0.62,100.0,376.1503888716483,20.0,396.15038887164826,0.0,5.684341886080802e-14,1.8354166666666667,0.1161895439923202,59.96875,h0.750_o40,0.75,150.0,40.0,0.1161895439923228,-2.2426505097428162e-12,59.96875,150.0,0.75,229.66281342904577,37.375,165.05603503172168,394.71884846076745,1.4315404109293917,28.585877808552755,-4.8577808442473724e-11,1.2262466428680653e-13,False,False,False,0.18067254102788866,False
100mm_uniform,100.0,uniform,3.75,30.0,98.0,10.0,0.62,100.0,376.1503888716483,20.0,396.15038887164826,0.0,5.684341886080802e-14,1.8354166666666667,0.1161895439923202,59.96875,h0.750_o60,0.75,150.0,60.0,0.1161895439923228,-2.2426505097428162e-12,59.96875,150.0,0.75,211.904216897189,38.0625,183.91918467668972,395.8234015738787,0.3269872981250763,15.660762164845424,-3.555704619628841e-10,8.975643390775215e-13,False,False,True,0.174940042081289,False
100mm_uniform,100.0,uniform,3.75,30.0,98.0,10.0,0.62,100.0,376.1503888716483,20.0,396.15038887164826,0.0,5.684341886080802e-14,1.8354166666666667,0.1161895439923202,59.96875,h0.750_o80,0.75,150.0,80.0,0.1161895439923228,-2.2426505097428162e-12,59.96875,150.0,0.75,189.23820131593808,39.125,206.75616097621207,395.99436229215013,0.15602658077295256,10.594523761738726,-1.2748774813609032e-09,3.2181654169067603e-12,False,False,True,0.1799215410137549,False
100mm_uniform,100.0,uniform,3.75,30.0,98.0,10.0,0.62,100.0,376.1503888716483,20.0,396.15038887164826,0.0,5.684341886080802e-14,1.8354166666666667,0.1161895439923202,59.96875,h0.750_o100,0.75,150.0,100.0,0.11618954399232279,-2.220446049250313e-12,59.96875,150.0,0.75,162.4801966526368,40.4375,233.57642022868222,396.0566168813191,0.09377199363935743,7.974362751664982,-3.3101269780733134e-09,8.355733254488325e-12,False,False,True,0.17860541597474366,False
100mm_uniform,100.0,uniform,3.75,60.0,98.0,10.0,0.62,100.0,376.1503888716483,20.0,396.15038887164826,0.0,5.684341886080802e-14,1.8354166666666667,0.1161895439923202,59.96875,h0.900_o40,0.9,180.0,40.0,0.1161895439923228,-2.2426505097428162e-12,59.96875,180.0,0.9,198.59843943079534,41.9375,197.33265244922345,395.93109188001876,0.2192969916831175,29.167062434697044,-5.366879163304361e-11,1.3547580196982253e-13,False,False,False,0.5549289170885459,False
100mm_uniform,100.0,uniform,3.75,30.0,98.0,10.0,0.62,100.0,376.1503888716483,20.0,396.15038887164826,0.0,5.684341886080802e-14,1.8354166666666667,0.1161895439923202,59.96875,h0.900_o60,0.9,180.0,60.0,0.1161895439923228,-2.2426505097428162e-12,59.96875,180.0,0.9,179.77545524159257,42.8125,216.02199267242224,395.7974479140148,0.352940958030895,15.580354378969009,-3.975016982238344e-10,1.0034111019202458e-12,False,False,True,0.17629850003868341,False
100mm_uniform,100.0,uniform,3.75,30.0,98.0,10.0,0.62,100.0,376.1503888716483,20.0,396.15038887164826,0.0,5.684341886080802e-14,1.8354166666666667,0.1161895439923202,59.96875,h0.900_o80,0.9,180.0,80.0,0.1161895439923228,-2.2426505097428162e-12,59.96875,180.0,0.9,155.84230504768473,44.125,240.1458299238014,395.9881349714861,0.16225390168398218,10.357456228410792,-1.5218118432080985e-09,3.841500313915284e-12,False,False,True,0.19071516708936542,False
100mm_uniform,100.0,uniform,3.75,30.0,98.0,10.0,0.62,100.0,376.1503888716483,20.0,396.15038887164826,0.0,5.684341886080802e-14,1.8354166666666667,0.1161895439923202,59.96875,h0.900_o100,0.9,180.0,100.0,0.1161895439923228,-2.2426505097428162e-12,59.96875,180.0,0.9,127.74467649165416,46.0,268.30965557250744,396.0543320641616,0.09605681173281871,7.6989556616789345,-4.2461572591356855e-09,1.0718548759298152e-11,False,False,True,0.17448049993254244,False
100mm_front_loaded,100.0,front_loaded,3.75,60.0,98.0,10.0,0.62,100.0,376.15038887164826,19.999999999999996,396.15038887164826,0.0,0.0,1.8354166666666667,0.1547842577769317,24.84375,h0.150_o40,0.15,30.0,40.0,0.15478425777693208,-2.4424906541753444e-13,24.84375,30.0,0.15,358.2623187978961,13.625,37.76204458150507,396.0243633794012,0.12602549225379245,37.72881306481741,-6.697531418353719e-12,1.6906537533461068e-14,False,False,False,0.5178594590397552,False
100mm_front_loaded,100.0,front_loaded,3.75,30.0,98.0,10.0,0.62,100.0,376.15038887164826,19.999999999999996,396.15038887164826,0.0,0.0,1.8354166666666667,0.1547842577769317,24.84375,h0.150_o60,0.15,30.0,60.0,0.15478425777693208,-2.4424906541753444e-13,24.84375,30.0,0.15,350.10003791812994,13.6875,45.832965163929,395.93300308205903,0.2173857895522116,24.43518408510415,3.707495421778617e-11,9.358807982843698e-14,False,False,False,0.17619154194835573,False
100mm_front_loaded,100.0,front_loaded,3.75,30.0,98.0,10.0,0.62,100.0,376.15038887164826,19.999999999999996,396.15038887164826,0.0,0.0,1.8354166666666667,0.1547842577769317,24.84375,h0.150_o80,0.15,30.0,80.0,0.1547842577769321,-2.6645352591003757e-13,24.84375,30.0,0.15,340.1140731978056,13.75,55.91182889666466,396.02590209447027,0.12448677663567609,18.17782937775809,5.422593485349125e-10,1.3688219518840437e-12,False,False,True,0.17484445893205702,False
100mm_front_loaded,100.0,front_loaded,3.75,30.0,98.0,10.0,0.62,100.0,376.15038887164826,19.999999999999996,396.15038887164826,0.0,0.0,1.8354166666666667,0.1547842577769317,24.84375,h0.150_o100,0.15,30.0,100.0,0.15478425777693208,-2.4424906541753444e-13,24.84375,30.0,0.15,328.941081489355,13.8125,67.12823982243509,396.06932131179,0.08106755750213203,14.522380501611593,2.356051784224711e-09,5.947367086866765e-12,False,False,True,0.2588257089955732,False
100mm_front_loaded,100.0,front_loaded,3.75,60.0,98.0,10.0,0.62,100.0,376.15038887164826,19.999999999999996,396.15038887164826,0.0,0.0,1.8354166666666667,0.1547842577769317,24.84375,h0.300_o40,0.3,60.0,40.0,0.15478425777693208,-2.4424906541753444e-13,24.84375,60.0,0.3,325.1450677920666,17.75,70.85961020672808,396.0046779987944,0.1457108728798356,30.484094273385498,-2.616604155569746e-11,6.605077841833243e-14,False,False,False,0.559500916977413,False
100mm_front_loaded,100.0,front_loaded,3.75,30.0,98.0,10.0,0.62,100.0,376.15038887164826,19.999999999999996,396.15038887164826,0.0,0.0,1.8354166666666667,0.1547842577769317,24.84375,h0.300_o60,0.3,60.0,60.0,0.15478425777693208,-2.4424906541753444e-13,24.84375,60.0,0.3,313.3624475625113,17.8125,82.5407278179146,395.90317538042575,0.24721349134066278,18.69482667829676,-1.182663411647411e-10,2.9853900055884864e-13,False,False,True,0.18564870802219957,False
100mm_front_loaded,100.0,front_loaded,3.75,30.0,98.0,10.0,0.62,100.0,376.15038887164826,19.999999999999996,396.15038887164826,0.0,0.0,1.8354166666666667,0.1547842577769317,24.84375,h0.300_o80,0.3,60.0,80.0,0.15478425777693208,-2.4424906541753444e-13,24.84375,60.0,0.3,298.3845600422416,18.0,97.63194225740321,396.0165022996448,0.13388657203592869,13.526408643614662,-3.2523650439486573e-11,8.209925157999568e-14,False,False,True,0.1843764999648556,False
100mm_front_loaded,100.0,front_loaded,3.75,30.0,98.0,10.0,0.62,100.0,376.15038887164826,19.999999999999996,396.15038887164826,0.0,0.0,1.8354166666666667,0.1547842577769317,24.84375,h0.300_o100,0.3,60.0,100.0,0.15478425777693208,-2.4424906541753444e-13,24.84375,60.0,0.3,280.7113982004664,18.1875,115.35402372080542,396.06542192127176,0.08496694930836762,10.631469816813082,1.0680726858502965e-09,2.6961293383870674e-12,False,False,True,0.17229608295019716,False
100mm_front_loaded,100.0,front_loaded,3.75,30.0,98.0,10.0,0.62,100.0,376.15038887164826,19.999999999999996,396.15038887164826,0.0,0.0,1.8354166666666667,0.1547842577769317,24.84375,h0.450_o40,0.45,90.0,40.0,0.1547842577769302,9.658940314238862e-13,24.84375,90.0,0.45,292.99008006662376,21.1875,102.29264304071185,395.28272310733564,0.8676657643501412,28.582328677296317,-3.752209654095395e-11,9.47167984558284e-14,False,False,False,0.17572679207660258,False
100mm_front_loaded,100.0,front_loaded,3.75,30.0,98.0,10.0,0.62,100.0,376.15038887164826,19.999999999999996,396.15038887164826,0.0,0.0,1.8354166666666667,0.1547842577769317,24.84375,h0.450_o60,0.45,90.0,60.0,0.1547842577769302,9.658940314238862e-13,24.84375,90.0,0.45,278.8139195441715,21.375,117.06286249524322,395.87678203941465,0.27360683245426864,16.72831035614421,-2.2071455774153037e-10,5.571484061146318e-13,False,False,True,0.179727292037569,False
100mm_front_loaded,100.0,front_loaded,3.75,30.0,98.0,10.0,0.62,100.0,376.15038887164826,19.999999999999996,396.15038887164826,0.0,0.0,1.8354166666666667,0.1547842577769317,24.84375,h0.450_o80,0.45,90.0,80.0,0.1547842577769302,9.658940314238862e-13,24.84375,90.0,0.45,260.6610469207341,21.625,135.34781553975682,396.008862460491,0.14152641171373143,11.786624399976013,-5.564731453411298e-10,1.404701752095025e-12,False,False,True,0.1736519580008462,False
100mm_front_loaded,100.0,front_loaded,3.75,30.0,98.0,10.0,0.62,100.0,376.15038887164826,19.999999999999996,396.15038887164826,0.0,0.0,1.8354166666666667,0.1547842577769317,24.84375,h0.450_o100,0.45,90.0,100.0,0.1547842577769302,9.658940314238862e-13,24.84375,90.0,0.45,239.05262191098862,21.9375,157.0097613418143,396.0623832528029,0.08800561949085652,9.110458779291754,-6.455269790928142e-10,1.6294997991330089e-12,False,False,True,0.17656033392995596,False
100mm_front_loaded,100.0,front_loaded,3.75,30.0,98.0,10.0,0.62,100.0,376.15038887164826,19.999999999999996,396.15038887164826,0.0,0.0,1.8354166666666667,0.1547842577769317,24.84375,h0.600_o40,0.6,120.0,40.0,0.1547842577769302,9.658940314238862e-13,24.84375,120.0,0.6,261.3136170713792,24.5,133.72750834738648,395.0411254187656,1.109263452926154,28.214444124882405,-4.3552939033020266e-11,1.0994041721648116e-13,False,False,False,0.1761892499634996,False
100mm_front_loaded,100.0,front_loaded,3.75,30.0,98.0,10.0,0.62,100.0,376.15038887164826,19.999999999999996,396.15038887164826,0.0,0.0,1.8354166666666667,0.1547842577769317,24.84375,h0.600_o60,0.6,120.0,60.0,0.15478282789242712,0.000923791944418273,24.90625,120.0,0.6,245.3229618200781,24.8125,150.52843179355918,395.85139361363724,0.2989952583082292,15.89471227628259,-2.972675994250551e-10,7.503907803088616e-13,False,False,True,0.1768742089625448,False
100mm_front_loaded,100.0,front_loaded,3.75,30.0,98.0,10.0,0.62,100.0,376.15038887164826,19.999999999999996,396.15038887164826,0.0,0.0,1.8354166666666667,0.1547842577769317,24.84375,h0.600_o80,0.6,120.0,80.0,0.15472869681858584,0.03589574233442416,25.28125,120.0,0.6,224.80724662376147,25.1875,171.19474887794075,396.00199550170225,0.14839337088048518,10.938866257625802,-9.344216234108416e-10,2.3587547801539376e-12,False,False,True,0.17850899999029934,False
100mm_front_loaded,100.0,front_loaded,3.75,30.0,98.0,10.0,0.62,100.0,376.15038887164826,19.999999999999996,396.15038887164826,0.0,0.0,1.8354166666666667,0.1547842577769317,24.84375,h0.600_o100,0.6,120.0,100.0,0.1545692290749116,0.138921557727123,25.71875,120.0,0.6,200.36249278559046,25.625,195.6972424459732,396.0597352315636,0.09065364208299657,8.323741315679754,-1.998385831813998e-09,5.044513114087766e-12,False,False,True,0.1791647500358522,False
100mm_front_loaded,100.0,front_loaded,3.75,30.0,98.0,10.0,0.62,100.0,376.15038887164826,19.999999999999996,396.15038887164826,0.0,0.0,1.8354166666666667,0.1547842577769317,24.84375,h0.750_o40,0.75,150.0,40.0,0.15233296940959917,1.5836806678785176,27.96875,150.0,0.75,229.94372087271918,27.875,164.79140244590852,394.7351233186277,1.4152655530716447,28.48303386009093,-5.108402589826255e-11,1.2895109365855918e-13,False,False,False,0.1749045830219984,False
100mm_front_loaded,100.0,front_loaded,3.75,30.0,98.0,10.0,0.62,100.0,376.15038887164826,19.999999999999996,396.15038887164826,0.0,0.0,1.8354166666666667,0.1547842577769317,24.84375,h0.750_o60,0.75,150.0,60.0,0.15177583421990828,1.943623725197574,28.34375,150.0,0.75,212.5038124300607,28.25,183.32231262768764,395.8261250577483,0.32426381425402145,15.555905902882383,-3.5406050313824267e-10,8.937527592657681e-13,False,False,True,0.1777178340125829,False
100mm_front_loaded,100.0,front_loaded,3.75,30.0,98.0,10.0,0.62,100.0,376.15038887164826,19.999999999999996,396.15038887164826,0.0,0.0,1.8354166666666667,0.1547842577769317,24.84375,h0.750_o80,0.75,150.0,80.0,0.15097898609647017,2.458435848137419,28.84375,150.0,0.75,190.13428012687598,28.75,205.86128605271435,395.9955661795903,0.15482269328657938,10.489106481946607,-1.2286739403677416e-09,3.10153410139862e-12,False,False,True,0.179769792011939,False
100mm_front_loaded,100.0,front_loaded,3.75,30.0,98.0,10.0,0.62,100.0,376.15038887164826,19.999999999999996,396.15038887164826,0.0,0.0,1.8354166666666667,0.1547842577769317,24.84375,h0.750_o100,0.75,150.0,100.0,0.1498062862901103,3.216070909481905,29.53125,150.0,0.75,163.54006022321,29.4375,232.5172607218231,396.0573209450331,0.09306792970047861,7.868523349218522,-3.085258937218782e-09,7.788100236393806e-12,False,False,True,0.17871662497054785,False
100mm_front_loaded,100.0,front_loaded,3.75,60.0,98.0,10.0,0.62,100.0,376.15038887164826,19.999999999999996,396.15038887164826,0.0,0.0,1.8354166666666667,0.1547842577769317,24.84375,h0.900_o40,0.9,180.0,40.0,0.14472569240916375,6.498442097557433,31.40625,180.0,0.9,198.79692438287148,31.3125,197.13515117435782,395.9320755572294,0.21831331447192837,29.06393144407869,-5.2992832344500584e-11,1.337694820783582e-13,False,False,False,0.5285125420195982,False
100mm_front_loaded,100.0,front_loaded,3.75,30.0,98.0,10.0,0.62,100.0,376.15038887164826,19.999999999999996,396.15038887164826,0.0,0.0,1.8354166666666667,0.1547842577769317,24.84375,h0.900_o60,0.9,180.0,60.0,0.14372783916710433,7.143115694466418,31.90625,180.0,0.9,180.17301207398822,31.8125,215.62749433398375,395.800506407972,0.34988246406823204,15.475319883151544,-3.9193731593556436e-10,9.893649657947226e-13,False,False,True,0.1815947920549661,False
100mm_front_loaded,100.0,front_loaded,3.75,30.0,98.0,10.0,0.62,100.0,376.15038887164826,19.999999999999996,396.15038887164826,0.0,0.0,1.8354166666666667,0.1547842577769317,24.84375,h0.900_o80,0.9,180.0,80.0,0.1421866104841456,8.138842718063277,32.65625,180.0,0.9,156.3236337172054,32.5625,239.66577797698247,395.9894116941878,0.16097717891869215,10.252022785890485,-1.4583107221799452e-09,3.681204823081555e-12,False,False,True,0.17407345806714147,False
100mm_front_loaded,100.0,front_loaded,3.75,30.0,98.0,10.0,0.62,100.0,376.15038887164826,19.999999999999996,396.15038887164826,0.0,0.0,1.8354166666666667,0.1547842577769317,24.84375,h0.900_o100,0.9,180.0,100.0,0.13989474663402082,9.619525497463044,33.71875,180.0,0.9,128.0905240167184,33.625,267.96454076094864,396.0550647776671,0.09532409795219965,7.592706236444726,-3.970980655410017e-09,1.0023922144114328e-11,False,False,True,0.18215216603130102,False
100mm_back_loaded,100.0,back_loaded,3.75,60.0,98.0,10.0,0.62,100.0,376.15038887164826,20.0,396.15038887164826,0.0,0.0,1.8354166666666667,0.1738942610493628,59.96875,h0.150_o40,0.15,30.0,40.0,0.1738942610493628,0.0,59.96875,30.0,0.15,358.55468145593466,27.9375,37.469101152446825,396.02378260838145,0.12660626327373947,37.8676283880191,-6.931344387339777e-12,1.749675017884563e-14,False,False,False,0.5178916249424219,False
100mm_back_loaded,100.0,back_loaded,3.75,30.0,98.0,10.0,0.62,100.0,376.15038887164826,20.0,396.15038887164826,0.0,0.0,1.8354166666666667,0.1738942610493628,59.96875,h0.150_o60,0.15,30.0,60.0,0.1738942610493628,0.0,59.96875,30.0,0.15,350.68469797289134,28.125,45.246194090137564,395.930892063029,0.21949680858207019,24.58310650483287,3.726965958072981e-11,9.407957338344323e-14,False,False,False,0.17393249995075166,False
100mm_back_loaded,100.0,back_loaded,3.75,30.0,98.0,10.0,0.62,100.0,376.15038887164826,20.0,396.15038887164826,0.0,0.0,1.8354166666666667,0.1738942610493628,59.96875,h0.150_o80,0.15,30.0,80.0,0.17389426104936284,-2.220446049250313e-14,59.96875,30.0,0.15,341.1346080025565,28.3125,54.89004636788005,396.0246543704365,0.12573450064837513,18.329109892019535,5.633774280422443e-10,1.4221301906250993e-12,False,False,True,0.17322337499354035,False
100mm_back_loaded,100.0,back_loaded,3.75,30.0,98.0,10.0,0.62,100.0,376.15038887164826,20.0,396.15038887164826,0.0,0.0,1.8354166666666667,0.1738942610493628,59.96875,h0.150_o100,0.15,30.0,100.0,0.1738942610493628,0.0,59.96875,30.0,0.15,330.53458299016194,28.5625,65.5339099960416,396.0684929862034,0.0818958829996712,14.67524513841484,2.4450661634256576e-09,6.172065539024002e-12,False,False,True,0.1813971670344472,False
100mm_back_loaded,100.0,back_loaded,3.75,60.0,98.0,10.0,0.62,100.0,376.15038887164826,20.0,396.15038887164826,0.0,0.0,1.8354166666666667,0.1738942610493628,59.96875,h0.300_o40,0.3,60.0,40.0,0.1738942610493628,0.0,59.96875,60.0,0.3,325.724048022464,34.9375,70.27987934695332,396.00392736941734,0.14646150225705412,30.628349790401412,-2.6133761821256485e-11,6.596929488241336e-14,False,False,False,0.5291762499837205,False
100mm_back_loaded,100.0,back_loaded,3.75,30.0,98.0,10.0,0.62,100.0,376.15038887164826,20.0,396.15038887164826,0.0,0.0,1.8354166666666667,0.1738942610493628,59.96875,h0.300_o60,0.3,60.0,60.0,0.1738942610493628,0.0,59.96875,60.0,0.3,314.62164949474607,35.25,81.27891203867733,395.90056153342346,0.24982733834617946,18.84575950091159,-1.2131820548155758e-10,3.062428029595205e-13,False,False,True,0.18152679200284183,False
100mm_back_loaded,100.0,back_loaded,3.75,30.0,98.0,10.0,0.62,100.0,376.15038887164826,20.0,396.15038887164826,0.0,0.0,1.8354166666666667,0.1738942610493628,59.96875,h0.300_o80,0.3,60.0,80.0,0.1738942610493628,0.0,59.96875,60.0,0.3,300.67200642766335,35.6875,95.34308230644486,396.0150887341082,0.13530013758187356,13.680007479492525,-4.180270019027432e-11,1.0552230002686756e-13,False,False,True,0.18618516600690782,False
100mm_back_loaded,100.0,back_loaded,3.75,30.0,98.0,10.0,0.62,100.0,376.15038887164826,20.0,396.15038887164826,0.0,0.0,1.8354166666666667,0.1738942610493628,59.96875,h0.300_o100,0.3,60.0,100.0,0.1738942610493628,0.0,59.96875,60.0,0.3,284.43702711627134,36.1875,111.62749536648658,396.0645224827578,0.08586638779700777,10.786121588369472,1.0933301625160041e-09,2.7598866320190346e-12,False,False,True,0.1869760419940576,False
100mm_back_loaded,100.0,back_loaded,3.75,30.0,98.0,10.0,0.62,100.0,376.15038887164826,20.0,396.15038887164826,0.0,0.0,1.8354166666666667,0.1738942610493628,59.96875,h0.450_o40,0.45,90.0,40.0,0.1738942610493647,-1.0880185641326534e-12,59.96875,90.0,0.45,293.86295737426065,40.3125,101.40861657642361,395.27157395068434,0.8788149210014311,28.728947153642725,-3.73987507629181e-11,9.440543746389001e-14,False,False,False,0.176365458057262,False
100mm_back_loaded,100.0,back_loaded,3.75,30.0,98.0,10.0,0.62,100.0,376.15038887164826,20.0,396.15038887164826,0.0,0.0,1.8354166666666667,0.1738942610493628,59.96875,h0.450_o60,0.45,90.0,60.0,0.1738942610493647,-1.0880185641326534e-12,59.96875,90.0,0.45,280.75801584635104,40.6875,115.11569550147713,395.87371134782813,0.2766775240522505,16.88052248842216,-2.3212426425445187e-10,5.859498583747688e-13,False,False,True,0.18603987502865493,False
100mm_back_loaded,100.0,back_loaded,3.75,30.0,98.0,10.0,0.62,100.0,376.15038887164826,20.0,396.15038887164826,0.0,0.0,1.8354166666666667,0.1738942610493628,59.96875,h0.450_o80,0.45,90.0,80.0,0.1738942610493647,-1.0880185641326534e-12,59.96875,90.0,0.45,264.2249432471915,41.3125,131.78237423212047,396.007317479312,0.1430713929112357,11.941053631686344,-5.749256348774878e-10,1.4512812584004866e-12,False,False,True,0.1819159589940682,False
100mm_back_loaded,100.0,back_loaded,3.75,30.0,98.0,10.0,0.62,100.0,376.15038887164826,20.0,396.15038887164826,0.0,0.0,1.8354166666666667,0.1738942610493628,59.96875,h0.450_o100,0.45,90.0,100.0,0.1738942610493647,-1.0880185641326534e-12,59.96875,90.0,0.45,244.89660057265436,42.0,151.164831410884,396.06143198353834,0.08895688882175892,9.265599093405728,-7.118963474272988e-10,1.797035589072592e-12,False,False,True,0.1768488750094548,False
100mm_back_loaded,100.0,back_loaded,3.75,30.0,98.0,10.0,0.62,100.0,376.15038887164826,20.0,396.15038887164826,0.0,0.0,1.8354166666666667,0.1738942610493628,59.96875,h0.600_o40,0.6,120.0,40.0,0.1738942610493647,-1.0880185641326534e-12,59.96875,120.0,0.6,262.47388284968304,44.75,132.55095036813378,395.0248332178168,1.1255556538754101,28.36246254072281,-4.39692726672547e-11,1.1099136565911748e-13,False,False,False,0.17665295803453773,False
100mm_back_loaded,100.0,back_loaded,3.75,30.0,98.0,10.0,0.62,100.0,376.15038887164826,20.0,396.15038887164826,0.0,0.0,1.8354166666666667,0.1738942610493628,59.96875,h0.600_o60,0.6,120.0,60.0,0.1738942610493647,-1.0880185641326534e-12,59.96875,120.0,0.6,247.9326156912777,45.3125,147.91525084605206,395.8478665373299,0.30252233462383604,16.047693525414154,-3.053967079225117e-10,7.709110390939424e-13,False,False,True,0.18214770802296698,False
100mm_back_loaded,100.0,back_loaded,3.75,30.0,98.0,10.0,0.62,100.0,376.15038887164826,20.0,396.15038887164826,0.0,0.0,1.8354166666666667,0.1738942610493628,59.96875,h0.600_o80,0.6,120.0,80.0,0.1738942610493647,-1.0880185641326534e-12,59.96875,120.0,0.6,229.6097452392869,46.0,166.3905871855225,396.00033242480936,0.15005644781209018,11.093662311871732,-9.73187225250527e-10,2.456610551418232e-12,False,False,True,0.2042276660213247,False
100mm_back_loaded,100.0,back_loaded,3.75,30.0,98.0,10.0,0.62,100.0,376.15038887164826,20.0,396.15038887164826,0.0,0.0,1.8354166666666667,0.1738942610493628,59.96875,h0.600_o100,0.6,120.0,100.0,0.1738942610493647,-1.0880185641326534e-12,59.96875,120.0,0.6,208.22486571365405,46.875,187.833872054554,396.0587377682081,0.09165110556108837,8.479317717268533,-2.1208891448631917e-09,5.353747476820866e-12,False,False,True,0.17912033305037767,False
100mm_back_loaded,100.0,back_loaded,3.75,30.0,98.0,10.0,0.62,100.0,376.15038887164826,20.0,396.15038887164826,0.0,0.0,1.8354166666666667,0.1738942610493628,59.96875,h0.750_o40,0.75,150.0,40.0,0.1738942610493647,-1.0880185641326534e-12,59.96875,150.0,0.75,231.3785822803943,48.75,163.33287676972742,394.7114590501218,1.438929821576511,28.631995928966578,-4.998246261322947e-11,1.2617042420580248e-13,False,False,False,0.1787565000122413,False
100mm_back_loaded,100.0,back_loaded,3.75,30.0,98.0,10.0,0.62,100.0,376.15038887164826,20.0,396.15038887164826,0.0,0.0,1.8354166666666667,0.1738942610493628,59.96875,h0.750_o60,0.75,150.0,60.0,0.1738942610493647,-1.0880185641326534e-12,59.96875,150.0,0.75,215.74605717737649,49.375,180.07606895376557,395.8221261311421,0.3282627408659542,15.70941843368598,-3.5974978551678305e-10,9.08114179924082e-13,False,False,True,0.18145762500353158,False
100mm_back_loaded,100.0,back_loaded,3.75,30.0,98.0,10.0,0.62,100.0,376.15038887164826,20.0,396.15038887164826,0.0,0.0,1.8354166666666667,0.1738942610493628,59.96875,h0.750_o80,0.75,150.0,80.0,0.1738942610493647,-1.0880185641326534e-12,59.96875,150.0,0.75,196.10961279956547,50.1875,199.8841783962537,395.9937911958192,0.15659767709969255,10.644105648803636,-1.2706308505361363e-09,3.2074456727286404e-12,False,False,True,0.17872379103209823,False
100mm_back_loaded,100.0,back_loaded,3.75,30.0,98.0,10.0,0.62,100.0,376.15038887164826,20.0,396.15038887164826,0.0,0.0,1.8354166666666667,0.1738942610493628,59.96875,h0.750_o100,0.75,150.0,100.0,0.1738942610493647,-1.0880185641326534e-12,59.96875,150.0,0.75,173.27920387260306,51.25,222.77707611200051,396.0562799846036,0.09410889026877835,8.024586555053988,-3.224095004861205e-09,8.138563271499914e-12,False,False,True,0.18002920888829976,False
100mm_back_loaded,100.0,back_loaded,3.75,60.0,98.0,10.0,0.62,100.0,376.15038887164826,20.0,396.15038887164826,0.0,0.0,1.8354166666666667,0.1738942610493628,59.96875,h0.900_o40,0.9,180.0,40.0,0.1738942610493647,-1.0880185641326534e-12,59.96875,180.0,0.9,200.48860083910006,52.375,195.44204506330175,395.93064590240186,0.2197429692995745,29.21359142501957,-5.312061901463494e-11,1.3409205318701803e-13,False,False,False,0.5238226250512525,False
100mm_back_loaded,100.0,back_loaded,3.75,30.0,98.0,10.0,0.62,100.0,376.15038887164826,20.0,396.15038887164826,0.0,0.0,1.8354166666666667,0.1738942610493628,59.96875,h0.900_o60,0.9,180.0,60.0,0.1738942610493647,-1.0880185641326534e-12,59.96875,180.0,0.9,184.00318529294813,53.0625,211.79282599915496,395.7960112921031,0.354377579949384,15.629220697876491,-4.04183353452936e-10,1.0202775632864276e-12,False,False,True,0.18407358403783292,False
100mm_back_loaded,100.0,back_loaded,3.75,30.0,98.0,10.0,0.62,100.0,376.15038887164826,20.0,396.15038887164826,0.0,0.0,1.8354166666666667,0.1738942610493628,59.96875,h0.900_o80,0.9,180.0,80.0,0.1738942610493647,-1.0880185641326534e-12,59.96875,180.0,0.9,163.37731099231985,53.9375,232.61021651099713,395.98752750331704,0.1628613698268936,10.407185895902796,-1.4955588989451485e-09,3.7752301675253585e-12,False,False,True,0.17921008297707886,False
100mm_back_loaded,100.0,back_loaded,3.75,30.0,98.0,10.0,0.62,100.0,376.15038887164826,20.0,396.15038887164826,0.0,0.0,1.8354166666666667,0.1738942610493628,59.96875,h0.900_o100,0.9,180.0,100.0,0.1738942610493647,-1.0880185641326534e-12,59.96875,180.0,0.9,139.5159866701268,55.125,256.5379951730678,396.0539818431946,0.09640703255426475,7.749312198495968,-4.100610073720645e-09,1.0351144890707738e-11,False,False,True,0.17653879197314382,False
